﻿,attendee_id,presentation_id
0,A01346,Poster15-09
1,A00866,Poster26-21
2,A01133,Poster6-02
3,A00836,Poster11-17
4,A00880,13-9-01
5,A00021,Poster18-02
6,A00022,Poster18-02
7,A00733,Poster26-11
8,A00024,Poster2-41
9,A00024,16-4-05
10,A00024,10-3-05
11,A00030,13-2-01
12,A00030,13-2-15
13,A00951,Poster7-08
14,A00951,Poster7-05
15,A00033,14-15-04
16,A00733,16-12-13
17,A01571,Poster6-32
18,A00038,3-7-04
19,A00041,Poster5-14
20,A00042,Poster27-02
21,A03037,6-1-14
22,A01382,7-16-02
23,A00208,Poster19-08
24,A03480,6-4-05
25,A00993,16-6-08
26,A00729,13-4-04
27,A02869,Poster21-30
28,A01547,14-13-12
29,A02869,Poster13-25
30,A00048,Poster20-02
31,A00048,12-1-05
32,A00048,14-6-05
33,A00048,Poster22-09
34,A01482,Poster21-01
35,A02166,17-3-08
36,A00450,2-5-05
37,A02450,Poster13-15
38,A00054,10-2-14
39,A00054,10-2-15
40,A00054,8-3-02
41,A00054,10-1-08
42,A03140,18-6-01
43,A03140,18-3-04
44,A03140,18-6-05
45,A02117,5-9-02
46,A02220,13-2-15
47,A01647,Poster11-31
48,A00019,5-4-03
49,A02315,18-5-03
50,A02858,Poster4-02
51,A02786,16-7-08
52,A00066,10-7-09
53,A00066,14-20-03
54,A00069,Poster13-04
55,A00071,13-4-03
56,A00071,13-4-05
57,A00072,7-5-15
58,A02955,Poster11-38
59,A00076,Poster6-01
60,A01437,Poster10-09
61,A02814,18-5-01
62,A00084,16-9-06
63,A02430,Poster5-18
64,A00266,2-1-01
65,A01070,16-2-13
66,A00086,3-8-13
67,A00086,3-8-02
68,A00086,14-9-11
69,A00086,3-8-05
70,A00086,14-7-03
71,A00266,8-4-03
72,A00089,Poster22-18
73,A00091,Poster10-15
74,A00091,20-8-02
75,A00130,13-6-07
76,A00130,Poster17-12
77,A00094,14-21-05
78,A00095,14-22-08
79,A00130,Poster17-25
80,A00266,8-4-06
81,A00266,2-1-06
82,A03469,9-1-07
83,A00100,10-6-03
84,A00100,10-8-05
85,A00100,Poster11-44
86,A00100,Poster7-14
87,A00100,Poster11-38
88,A00130,Poster29-15
89,A02230,1-1-11
90,A00103,1-4-02
91,A00103,11-3-06
92,A00103,1-4-01
93,A01867,Poster23-36
94,A01450,20-6-07
95,A00518,6-2-07
96,A00107,8-4-02
97,A00107,3-1-07
98,A00107,10-8-03
99,A01208,11-4-06
100,A00519,14-23-04
101,A00110,7-5-11
102,A00111,1-1-15
103,A00111,11-3-06
104,A00111,Poster8-01
105,A00111,1-1-05
106,A00613,14-3-01
107,A00613,14-22-03
108,A00613,14-3-08
109,A01209,Poster1-02
110,A01996,Poster19-20
111,A01701,Poster15-15
112,A00657,Poster25-22
113,A01066,14-2-05
114,A02273,Poster5-17
115,A02985,20-8-10
116,A00116,16-14-08
117,A01966,18-13-05
118,A00127,8-2-08
119,A00861,8-4-06
120,A00133,Poster22-07
121,A00134,Poster26-30
122,A00135,13-2-03
123,A02689,15-2-15
124,A02130,14-14-04
125,A02130,14-18-08
126,A02812,Poster9-42
127,A02812,5-5-05
128,A00689,Poster9-03
129,A01430,11-1-02
130,A01430,7-10-07
131,A01430,7-12-16
132,A02122,15-1-05
133,A00139,8-3-09
134,A01863,13-9-08
135,A02724,Poster13-13
136,A03215,PS1-01
137,A03215,PS3-01
138,A03215,PS4-01
139,A00142,6-4-03
140,A00142,Poster6-26
141,A00143,7-14-04
142,A00144,16-16-04
143,A00144,16-10-07
144,A02892,Poster7-17
145,A02067,14-9-03
146,A00146,3-4-05
147,A00147,10-5-08
148,A02958,10-9-03
149,A00149,7-1-01
150,A00149,7-1-09
151,A02113,8-1-02
152,A02113,3-3-06
153,A00153,Poster23-26
154,A01325,5-7-07
155,A02419,18-3-04
156,A02419,18-1-04
157,A00995,18-12-02
158,A02419,5-6-07
159,A00159,18-4-03
160,A00159,Poster17-52
161,A00216,17-6-07
162,A00161,14-16-07
163,A00161,8-4-08
164,A00161,Poster24-04
165,A00162,3-11-04
166,A03215,PS5-01
167,A00164,15-2-10
168,A00165,5-8-01
169,A00165,12-4-07
170,A00166,3-11-02
171,A00166,Poster18-20
172,A00167,7-10-03
173,A00863,16-6-04
174,A00863,Poster22-10
175,A00170,11-3-06
176,A00863,Poster22-11
177,A00863,16-6-10
178,A03215,PS6-01
179,A00172,16-13-07
180,A00172,16-13-03
181,A00172,Poster22-25
182,A00173,Poster1-12
183,A03179,6-3-05
184,A00175,8-3-10
185,A00176,4-3-11
186,A00177,Poster15-20
187,A00178,Poster18-12
188,A02290,1-3-02
189,A03023,Poster13-10
190,A02419,18-6-08
191,A02248,Poster2-29
192,A01950,Poster1-17
193,A00553,15-4-02
194,A00182,7-6-01
195,A00183,14-16-05
196,A00183,Poster25-24
197,A00183,14-16-02
198,A00185,Poster15-02
199,A03023,Poster13-11
200,A02730,Poster19-34
201,A02730,Poster20-37
202,A00189,2-2-05
203,A03823,PS6-01
204,A03023,Poster13-15
205,A00192,7-5-06
206,A02908,3-10-06
207,A00644,3-1-05
208,A00644,Poster2-28
209,A00195,14-2-13
210,A00445,Poster26-05
211,A00198,7-1-12
212,A00200,7-16-07
213,A00200,Poster6-33
214,A00200,Poster4-08
215,A00445,Poster22-19
216,A00202,10-2-16
217,A00202,10-5-02
218,A00202,10-7-07
219,A00203,10-5-02
220,A00203,10-2-16
221,A00203,10-7-07
222,A00204,10-6-02
223,A00205,Poster18-19
224,A02908,Poster18-10
225,A02492,11-5-03
226,A00207,20-3-01
227,A00207,3-2-10
228,A00207,20-2-01
229,A00207,20-3-04
230,A00207,20-2-03
231,A00207,14-5-06
232,A02908,Poster21-30
233,A02332,20-5-13
234,A02759,Poster20-37
235,A00445,Poster4-28
236,A00211,1-1-08
237,A00445,Poster4-27
238,A02301,2-2-04
239,A00644,3-2-11
240,A03067,6-1-15
241,A00333,14-18-05
242,A00445,16-17-05
243,A00219,16-5-08
244,A00333,Poster18-22
245,A02556,Poster27-20
246,A02330,Poster7-37
247,A00224,13-7-03
248,A00225,14-1-01
249,A00226,16-2-02
250,A00226,16-12-10
251,A00227,15-4-04
252,A00977,Poster24-33
253,A00449,15-3-05
254,A00449,15-4-09
255,A00534,8-1-07
256,A00232,7-14-15
257,A00896,Poster9-21
258,A00896,Poster9-08
259,A00235,18-4-01
260,A00534,13-5-07
261,A00240,Poster21-38
262,A00419,18-2-06
263,A00896,20-5-15
264,A01726,18-3-06
265,A00247,18-9-06
266,A02640,18-4-07
267,A00737,Poster15-19
268,A01735,Poster7-15
269,A01735,Poster11-35
270,A00252,Poster7-24
271,A00254,3-11-03
272,A00254,14-20-02
273,A00276,Poster9-01
274,A00256,13-5-02
275,A02199,4-4-06
276,A02199,20-9-14
277,A00259,18-9-01
278,A00260,16-3-07
279,A02912,18-10-08
280,A02912,Poster19-39
281,A00263,14-7-11
282,A00264,12-1-06
283,A02975,16-7-02
284,A02845,6-1-10
285,A02550,5-1-07
286,A01316,18-6-05
287,A02274,Poster17-21
288,A00533,8-1-06
289,A00533,13-5-07
290,A01551,13-2-09
291,A02658,1-1-07
292,A02658,1-1-09
293,A01489,7-2-03
294,A00267,Poster5-02
295,A00267,Poster23-08
296,A00018,13-1-05
297,A01629,16-2-15
298,A00273,18-4-04
299,A00273,18-1-06
300,A02924,Poster24-36
301,A00301,Poster16-31
302,A00301,20-3-06
303,A02903,16-7-01
304,A00282,5-2-07
305,A01434,5-4-08
306,A00286,4-3-13
307,A00286,14-11-01
308,A03087,Poster12-18
309,A02842,14-3-07
310,A01266,Poster7-19
311,A00290,16-10-01
312,A00290,6-4-01
313,A00290,6-4-06
314,A00290,16-10-06
315,A00292,Poster26-01
316,A00293,2-5-02
317,A01266,Poster13-20
318,A00295,3-4-03
319,A02193,20-10-15
320,A01717,Poster25-04
321,A00302,16-7-06
322,A00304,Poster2-07
323,A00080,19-4-14
324,A01177,Poster20-05
325,A00309,Poster18-22
326,A01073,Poster6-32
327,A01073,20-11-07
328,A00312,20-1-08
329,A00313,14-10-09
330,A00314,14-18-04
331,A00315,5-5-03
332,A00317,8-1-02
333,A00317,15-1-12
334,A02151,17-6-05
335,A03104,Poster12-44
336,A00319,20-11-03
337,A00320,13-9-01
338,A00320,Poster23-20
339,A00321,18-2-08
340,A00322,3-8-03
341,A00322,3-2-04
342,A00322,20-2-03
343,A00324,Poster21-08
344,A03045,7-12-10
345,A00212,19-4-03
346,A02656,Poster5-23
347,A01177,3-8-16
348,A01781,Poster6-09
349,A01781,14-10-05
350,A02151,Poster14-31
351,A00249,14-12-01
352,A00328,Poster23-20
353,A00328,13-9-01
354,A00329,Poster28-04
355,A00329,Poster29-12
356,A01752,Poster15-05
357,A00842,18-12-01
358,A00460,Poster14-40
359,A02486,Poster25-31
360,A00335,Poster29-08
361,A03661,Poster18-14
362,A00088,5-3-01
363,A00338,Poster16-18
364,A00340,Poster23-33
365,A01864,2-4-01
366,A00325,14-12-01
367,A00344,1-1-13
368,A00345,14-13-09
369,A00346,14-13-10
370,A00347,2-2-08
371,A01821,15-4-05
372,A00350,7-3-02
373,A00351,Poster18-01
374,A01821,15-4-11
375,A00353,Poster2-10
376,A02306,Poster16-40
377,A01796,Poster2-14
378,A02415,Poster13-12
379,A00842,18-12-08
380,A03163,Poster18-30
381,A00969,Poster14-07
382,A01603,Poster20-30
383,A00325,14-12-02
384,A00362,14-6-04
385,A00362,Poster20-11
386,A00363,12-1-05
387,A00325,14-12-05
388,A00365,14-17-13
389,A00365,14-17-14
390,A00366,5-5-08
391,A00366,17-2-15
392,A00367,14-4-02
393,A00325,Poster16-38
394,A02560,17-5-03
395,A00369,Poster4-23
396,A00369,Poster16-39
397,A01742,4-5-03
398,A00531,17-1-02
399,A00710,3-9-06
400,A00101,16-4-01
401,A01076,10-2-05
402,A01721,10-5-01
403,A00373,14-16-03
404,A02414,Poster13-07
405,A01721,Poster11-03
406,A02560,7-1-09
407,A00377,1-1-12
408,A00377,Poster6-14
409,A02799,Poster9-29
410,A00379,Poster9-40
411,A02799,Poster9-28
412,A02799,Poster9-31
413,A02799,Poster9-30
414,A00381,14-20-02
415,A02004,7-6-06
416,A00383,Poster2-01
417,A00384,Poster4-25
418,A00384,12-1-08
419,A00384,Poster12-28
420,A00385,12-1-08
421,A00386,16-15-09
422,A00389,Poster7-30
423,A02679,7-18-07
424,A02087,18-12-01
425,A02087,18-3-08
426,A00393,10-4-05
427,A00394,Poster17-09
428,A02969,Poster16-09
429,A00396,14-21-06
430,A00399,4-2-06
431,A01754,2-2-07
432,A00401,7-16-03
433,A00402,10-6-01
434,A00402,A-ICE-05
435,A00402,10-7-15
436,A00402,8-2-08
437,A00402,9-1-14
438,A00402,Poster11-01
439,A00402,Poster11-24
440,A00402,9-1-06
441,A00402,Poster4-24
442,A00402,Poster11-02
443,A00402,10-1-03
444,A00402,Poster4-01
445,A00427,Poster16-13
446,A00427,Poster17-48
447,A01754,Poster1-04
448,A01514,2-1-05
449,A03103,Poster26-32
450,A02174,15-5-04
451,A02174,20-8-09
452,A00403,7-12-03
453,A00536,19-4-09
454,A02960,10-7-04
455,A03427,Poster16-24
456,A00566,Poster22-24
457,A00566,20-2-04
458,A00702,Poster27-29
459,A00702,17-2-09
460,A02452,16-11-01
461,A02502,Poster5-06
462,A00566,20-2-05
463,A02671,Poster2-33
464,A00887,14-9-14
465,A00942,17-5-07
466,A00408,Poster3-17
467,A00409,13-5-07
468,A00409,8-1-07
469,A00410,Poster5-29
470,A00411,7-14-06
471,A01506,7-9-08
472,A01287,20-5-10
473,A00850,20-4-06
474,A00220,6-1-06
475,A00415,7-2-06
476,A01398,16-12-07
477,A00417,4-4-07
478,A01398,Poster4-29
479,A01398,16-15-12
480,A00420,14-8-05
481,A00421,15-3-01
482,A00423,16-14-03
483,A02229,Poster21-10
484,A00709,5-7-06
485,A01265,Poster21-27
486,A01265,Poster25-15
487,A01398,16-2-14
488,A01738,Poster14-21
489,A00586,11-6-07
490,A00473,Poster10-06
491,A00431,16-13-07
492,A00431,3-7-03
493,A00473,9-1-12
494,A02148,16-11-04
495,A00435,3-7-03
496,A00436,7-1-03
497,A00429,19-1-07
498,A01292,Poster4-20
499,A00429,Poster19-01
500,A00980,Poster27-41
501,A00893,7-14-13
502,A02264,Poster21-35
503,A03128,Poster23-17
504,A00443,Poster15-18
505,A00444,7-1-13
506,A01038,8-3-16
507,A02237,Poster5-22
508,A01905,11-8-02
509,A01855,19-1-04
510,A02699,Poster19-33
511,A02699,Poster25-30
512,A01710,Poster25-15
513,A01182,Poster24-17
514,A01182,1-4-03
515,A01182,1-1-15
516,A01755,20-3-08
517,A00148,18-9-08
518,A01294,Poster4-19
519,A02672,16-4-04
520,A02445,Poster5-31
521,A00457,Poster13-01
522,A00277,10-1-03
523,A02518,14-20-01
524,A02145,Poster17-27
525,A00835,13-8-08
526,A00834,13-3-05
527,A01276,Poster13-21
528,A00465,Poster16-22
529,A00466,16-5-03
530,A00466,16-5-04
531,A00467,3-2-10
532,A00467,3-8-03
533,A00468,14-9-05
534,A00470,18-5-02
535,A00471,13-3-11
536,A00472,Poster14-01
537,A00902,16-12-01
538,A00902,16-2-13
539,A01465,Poster29-10
540,A01230,Poster23-43
541,A00476,14-1-04
542,A00476,Poster19-19
543,A01854,8-7-03
544,A01207,18-3-01
545,A00253,Poster22-23
546,A00253,2-5-01
547,A00480,16-2-04
548,A00480,16-15-09
549,A00481,Poster14-15
550,A00482,7-12-15
551,A00501,Poster13-28
552,A00501,Poster2-13
553,A02704,10-9-05
554,A00492,3-2-07
555,A00494,16-17-04
556,A00495,Poster25-06
557,A00043,14-4-16
558,A02112,12-4-05
559,A01844,17-2-16
560,A02654,18-2-07
561,A01431,16-12-08
562,A00504,Poster6-05
563,A00504,10-2-09
564,A00504,4-2-04
565,A00788,20-7-01
566,A01470,Poster18-18
567,A02303,Poster20-10
568,A00509,19-1-01
569,A00512,7-1-07
570,A00512,7-17-03
571,A00512,Poster11-07
572,A00512,Poster5-29
573,A00512,17-2-07
574,A00512,17-2-06
575,A02303,Poster13-29
576,A02409,Poster16-33
577,A02303,Poster20-28
578,A00516,Poster14-30
579,A00516,15-5-08
580,A00517,15-5-08
581,A01069,14-14-04
582,A01069,14-18-08
583,A00521,18-4-11
584,A02303,Poster29-19
585,A02953,Poster20-35
586,A02953,Poster27-39
587,A02953,19-4-12
588,A00318,14-5-04
589,A00318,14-4-03
590,A01064,Poster19-54
591,A01237,16-8-02
592,A01237,15-4-02
593,A01237,10-2-07
594,A02963,14-3-05
595,A03697,Poster6-35
596,A01064,Poster18-20
597,A01064,Poster21-14
598,A01794,Poster2-16
599,A00520,Poster23-15
600,A01099,Poster24-08
601,A00524,7-12-06
602,A00524,18-7-03
603,A00412,Poster21-04
604,A00412,14-2-02
605,A00526,Poster3-08
606,A00528,11-1-08
607,A00529,5-3-06
608,A00530,18-1-06
609,A00532,Poster1-07
610,A01175,Poster19-56
611,A00255,7-8-15
612,A00535,Poster23-01
613,A02910,16-11-06
614,A00537,Poster4-37
615,A00538,18-4-10
616,A01438,16-1-05
617,A00541,18-11-04
618,A00541,18-11-02
619,A00542,Poster9-02
620,A00542,14-20-04
621,A02910,16-10-04
622,A03822,PS5-01
623,A01099,15-2-03
624,A00102,10-6-04
625,A01438,7-3-06
626,A02772,Poster17-45
627,A02772,Poster17-38
628,A00899,Poster2-40
629,A02213,Poster21-24
630,A00547,Poster16-23
631,A02521,Poster11-19
632,A00591,4-5-06
633,A02716,Poster11-41
634,A00357,Poster16-39
635,A00551,Poster24-22
636,A00899,Poster2-39
637,A00357,14-13-08
638,A00357,14-13-11
639,A00556,Poster28-06
640,A00557,16-9-04
641,A02521,Poster27-05
642,A00559,14-18-02
643,A00562,16-10-06
644,A00562,16-10-01
645,A00562,6-4-01
646,A00562,13-3-13
647,A00643,14-22-04
648,A02521,Poster5-10
649,A00768,14-21-05
650,A02481,20-1-04
651,A00491,7-10-08
652,A00330,Poster26-16
653,A02516,14-2-11
654,A02234,17-3-01
655,A02645,1-3-06
656,A02013,7-3-03
657,A02655,Poster12-16
658,A00569,6-1-12
659,A00569,6-1-16
660,A02481,12-3-06
661,A00571,13-5-01
662,A00571,13-5-07
663,A00430,Poster17-22
664,A00573,8-6-06
665,A00576,15-2-04
666,A00151,12-4-02
667,A00274,Poster3-41
668,A01515,Poster12-30
669,A02048,4-5-05
670,A00583,15-3-09
671,A00584,10-9-06
672,A00584,Poster7-12
673,A00437,7-1-03
674,A00437,17-5-03
675,A00587,Poster19-05
676,A00437,7-12-07
677,A00437,18-2-10
678,A02887,11-1-04
679,A02838,20-5-16
680,A01052,Poster12-11
681,A00594,Poster24-03
682,A00594,Poster24-05
683,A02717,Poster12-19
684,A00598,Poster24-05
685,A00598,Poster24-03
686,A00437,7-1-12
687,A00437,14-10-16
688,A01594,11-8-04
689,A00607,15-1-11
690,A03178,Poster8-13
691,A02076,Poster12-09
692,A00609,Poster19-18
693,A00611,4-2-01
694,A00611,Poster2-01
695,A00612,6-4-09
696,A00612,6-4-08
697,A02756,7-1-06
698,A00622,11-2-09
699,A00622,Poster9-19
700,A00622,Poster3-09
701,A01297,Poster14-02
702,A01297,Poster4-38
703,A03124,Poster12-53
704,A00632,7-1-16
705,A01588,14-15-04
706,A00786,Poster12-04
707,A00774,17-1-03
708,A00681,11-1-02
709,A00841,7-6-08
710,A02793,4-1-07
711,A01692,3-4-09
712,A02595,Poster9-26
713,A02595,5-3-05
714,A00875,Poster9-26
715,A00875,5-3-05
716,A01740,Poster29-11
717,A00404,Poster3-07
718,A03260,5-5-01
719,A00560,Poster9-39
720,A02746,Poster18-07
721,A02746,Poster18-06
722,A02746,Poster13-21
723,A02746,Poster18-26
724,A03756,Poster13-03
725,A03971,19-1-08
726,A00119,20-10-02
727,A00119,20-10-11
728,A00119,20-10-13
729,A02537,13-9-03
730,A02537,Poster23-21
731,A01075,7-13-07
732,A01077,7-10-02
733,A01638,Poster7-14
734,A00852,Poster3-01
735,A02943,3-5-08
736,A02198,Poster21-20
737,A02198,5-4-04
738,A01350,13-8-07
739,A00525,4-2-04
740,A00525,Poster6-05
741,A00639,5-7-01
742,A00640,7-5-10
743,A00642,3-10-04
744,A02407,Poster2-37
745,A02407,Poster2-05
746,A00647,15-4-03
747,A02109,11-6-05
748,A00649,19-4-11
749,A00651,13-2-02
750,A00652,16-15-02
751,A00654,14-12-04
752,A00654,14-12-06
753,A00655,Poster24-04
754,A02918,Poster22-32
755,A01970,16-16-08
756,A01970,16-10-02
757,A00398,Poster8-01
758,A00549,10-2-04
759,A01575,14-4-15
760,A00671,18-10-01
761,A02003,Poster16-32
762,A00940,15-6-02
763,A00940,7-13-05
764,A01341,5-8-03
765,A00398,1-1-15
766,A00663,16-7-05
767,A00663,16-7-06
768,A00663,Poster14-07
769,A00664,16-6-03
770,A03214,Poster11-43
771,A01691,16-15-03
772,A03055,Poster14-19
773,A00668,Poster17-20
774,A01339,Poster22-12
775,A03055,Poster7-40
776,A01100,12-1-03
777,A01960,15-1-04
778,A01074,8-4-05
779,A01074,Poster26-03
780,A00679,5-2-03
781,A00679,5-3-04
782,A00679,Poster20-04
783,A00680,8-7-05
784,A01992,2-2-03
785,A00682,Poster1-14
786,A00683,Poster16-03
787,A00685,14-11-03
788,A01560,14-14-04
789,A00688,3-3-02
790,A02840,Poster19-57
791,A00690,15-5-13
792,A00690,15-2-02
793,A00690,15-4-09
794,A00691,Poster16-04
795,A00692,Poster14-11
796,A01992,2-4-07
797,A00695,13-2-14
798,A00695,13-2-04
799,A01678,5-9-08
800,A00245,Poster19-15
801,A00697,14-5-07
802,A01560,Poster13-16
803,A00699,6-1-16
804,A00701,6-2-04
805,A00122,7-1-14
806,A01560,3-8-07
807,A00705,14-15-06
808,A00706,Poster17-04
809,A00707,Poster6-46
810,A00708,14-19-03
811,A00964,Poster27-10
812,A01908,18-2-04
813,A00712,Poster5-02
814,A00712,7-8-12
815,A00550,Poster24-01
816,A00714,Poster24-40
817,A00174,Poster21-27
818,A00716,20-10-04
819,A00716,20-10-08
820,A00716,20-10-07
821,A00458,Poster26-20
822,A00718,19-4-15
823,A00718,19-4-07
824,A00174,Poster11-42
825,A01608,14-14-02
826,A00332,14-17-14
827,A00720,Poster25-11
828,A01286,7-1-02
829,A00722,13-2-06
830,A00724,8-4-08
831,A00724,14-16-06
832,A00727,20-1-01
833,A00728,Poster16-28
834,A00731,20-2-01
835,A00174,Poster25-15
836,A00174,13-2-07
837,A00294,Poster16-14
838,A00734,9-1-01
839,A00734,4-5-05
840,A00734,3-1-03
841,A00735,2-5-06
842,A00736,7-3-05
843,A02979,Poster6-36
844,A00738,13-2-10
845,A03264,16-9-03
846,A01991,Poster17-17
847,A02444,18-13-01
848,A02898,16-17-07
849,A00740,7-5-03
850,A00741,10-8-01
851,A00741,7-8-09
852,A02692,3-7-08
853,A00746,Poster17-19
854,A02692,Poster19-32
855,A00748,Poster6-33
856,A00750,Poster22-31
857,A00750,16-7-06
858,A00751,9-1-03
859,A00752,Poster22-31
860,A00752,16-7-06
861,A00578,20-4-04
862,A00947,14-14-05
863,A00459,14-4-03
864,A00947,Poster17-48
865,A00761,16-14-01
866,A00761,16-14-02
867,A00762,Poster15-27
868,A01196,10-1-08
869,A03131,5-2-02
870,A00600,18-7-01
871,A00772,7-11-05
872,A01522,Poster7-02
873,A01522,Poster11-18
874,A01746,Poster12-12
875,A02446,7-17-03
876,A00600,18-7-02
877,A00600,5-1-05
878,A01373,14-15-02
879,A00600,14-6-08
880,A02723,7-10-13
881,A02828,Poster9-33
882,A00600,Poster3-27
883,A02320,Poster12-08
884,A01042,11-3-04
885,A01042,Poster3-06
886,A00261,11-2-02
887,A00261,11-2-11
888,A02172,11-7-01
889,A02172,16-1-07
890,A01577,14-5-02
891,A03010,Poster3-34
892,A02425,18-1-05
893,A02909,Poster27-19
894,A00390,18-5-05
895,A02289,Poster14-24
896,A00776,7-4-02
897,A02289,7-5-05
898,A02289,10-2-15
899,A00778,17-2-12
900,A00779,6-1-01
901,A00781,Poster23-05
902,A02289,10-4-07
903,A00783,Poster23-02
904,A00784,8-3-14
905,A00815,15-5-07
906,A00792,10-9-07
907,A00795,Poster19-25
908,A00797,Poster12-02
909,A00797,Poster17-04
910,A01811,16-16-07
911,A01811,16-9-06
912,A01811,16-13-04
913,A02002,14-19-07
914,A00805,Poster25-07
915,A02673,Poster24-32
916,A02673,14-9-14
917,A00808,7-14-03
918,A00809,7-5-16
919,A00359,20-7-04
920,A00812,16-5-06
921,A00359,7-17-05
922,A00359,7-16-01
923,A03021,Poster2-17
924,A03378,4-3-11
925,A00817,Poster9-04
926,A00590,3-8-04
927,A00743,8-3-11
928,A03136,Poster26-31
929,A00820,20-10-05
930,A00820,20-10-09
931,A00822,17-3-05
932,A00506,5-8-06
933,A01477,Poster5-05
934,A01732,7-8-08
935,A00828,16-14-04
936,A00829,7-14-05
937,A00831,Poster5-28
938,A00832,15-4-08
939,A00833,4-1-02
940,A02467,20-5-11
941,A01620,Poster9-38
942,A01911,12-2-01
943,A00839,16-16-02
944,A00839,Poster23-27
945,A00840,3-8-08
946,A00840,Poster8-11
947,A00840,20-5-03
948,A01805,Poster16-16
949,A01849,17-6-05
950,A00843,18-1-06
951,A03723,Poster7-19
952,A00845,Poster7-20
953,A00846,20-10-03
954,A00846,20-10-13
955,A00603,17-3-07
956,A00160,6-1-06
957,A00849,13-10-05
958,A00849,3-5-03
959,A00416,Poster12-21
960,A00851,Poster19-03
961,A00496,11-2-11
962,A00490,17-2-13
963,A02726,16-15-11
964,A00855,Poster23-20
965,A00856,10-5-03
966,A00857,12-5-06
967,A00857,4-4-04
968,A02685,7-1-11
969,A02776,Poster9-36
970,A02776,Poster5-26
971,A02776,Poster7-17
972,A01313,7-17-04
973,A01313,Poster27-33
974,A00636,Poster14-13
975,A00864,Poster4-13
976,A00864,Poster4-21
977,A00865,Poster12-22
978,A00865,Poster2-14
979,A01313,7-1-08
980,A00636,20-10-14
981,A02433,3-7-07
982,A00868,19-2-08
983,A00868,19-2-01
984,A00869,Poster12-31
985,A00869,Poster12-30
986,A00869,Poster12-32
987,A00869,Poster12-40
988,A00869,Poster12-26
989,A00869,Poster12-33
990,A00869,Poster12-44
991,A00870,14-17-05
992,A00870,7-12-08
993,A00870,Poster19-43
994,A00870,14-22-01
995,A00871,2-5-01
996,A00872,15-6-06
997,A00873,Poster21-17
998,A01837,Poster15-16
999,A01914,14-16-02
1000,A01760,Poster6-20
1001,A01313,14-10-13
1002,A02397,13-5-06
1003,A01914,Poster25-24
1004,A01364,15-4-06
1005,A01565,6-4-11
1006,A02144,18-1-07
1007,A00889,6-3-02
1008,A01579,18-4-08
1009,A00894,16-8-04
1010,A00894,Poster22-14
1011,A01364,15-4-13
1012,A01779,Poster1-10
1013,A00897,6-1-03
1014,A03120,Poster23-13
1015,A01517,12-3-07
1016,A00901,3-3-03
1017,A02781,Poster22-21
1018,A00903,7-5-01
1019,A02986,7-4-06
1020,A00906,8-5-04
1021,A00906,8-5-06
1022,A01569,15-5-03
1023,A00666,6-3-08
1024,A00912,Poster2-28
1025,A02293,11-3-05
1026,A02052,Poster24-18
1027,A02172,16-1-08
1028,A01447,6-4-16
1029,A02504,6-4-16
1030,A02504,16-10-02
1031,A01274,Poster5-24
1032,A00336,10-9-01
1033,A03863,Poster2-15
1034,A01604,14-6-03
1035,A01604,Poster25-29
1036,A01604,Poster16-08
1037,A00222,Poster29-22
1038,A00582,7-6-04
1039,A00914,18-6-01
1040,A00914,18-7-07
1041,A02498,14-1-05
1042,A02498,Poster19-46
1043,A02114,Poster22-29
1044,A00168,7-17-06
1045,A00916,Poster17-20
1046,A02505,Poster5-06
1047,A01050,Poster25-05
1048,A00289,11-2-13
1049,A02905,Poster6-17
1050,A00920,3-1-05
1051,A00920,Poster2-28
1052,A02000,13-3-16
1053,A00922,20-10-06
1054,A02780,Poster24-39
1055,A00898,Poster23-12
1056,A02170,16-11-06
1057,A00124,Poster17-02
1058,A01663,Poster11-25
1059,A02468,15-4-01
1060,A00262,Poster17-39
1061,A00262,7-8-11
1062,A02097,Poster14-05
1063,A02606,14-15-08
1064,A01371,8-2-05
1065,A00932,Poster25-24
1066,A00932,14-16-02
1067,A02272,6-2-03
1068,A00934,15-2-08
1069,A00793,Poster13-27
1070,A02824,Poster24-35
1071,A00937,3-2-08
1072,A00938,16-10-03
1073,A00939,14-7-06
1074,A01352,20-7-07
1075,A01376,Poster4-36
1076,A02750,Poster25-14
1077,A03562,7-2-07
1078,A00361,18-8-02
1079,A00946,15-4-06
1080,A01376,9-1-11
1081,A02957,14-4-09
1082,A00948,17-2-04
1083,A00948,Poster7-34
1084,A00949,Poster18-16
1085,A02123,Poster15-25
1086,A00163,1-2-04
1087,A00163,1-4-04
1088,A00163,1-1-05
1089,A00511,16-15-13
1090,A02322,14-14-03
1091,A02418,Poster5-37
1092,A03183,Poster3-35
1093,A02895,Poster19-53
1094,A02253,20-7-06
1095,A02857,14-18-03
1096,A00500,14-14-07
1097,A02418,Poster14-06
1098,A02418,Poster14-07
1099,A00311,16-11-07
1100,A01411,3-6-04
1101,A01411,Poster13-20
1102,A02418,Poster5-38
1103,A02418,Poster14-03
1104,A02857,14-18-07
1105,A00967,Poster19-13
1106,A00968,Poster19-04
1107,A00986,3-1-07
1108,A02418,10-2-07
1109,A02821,18-2-02
1110,A00972,Poster9-41
1111,A00974,15-2-13
1112,A00975,14-2-14
1113,A00978,7-10-12
1114,A01411,Poster7-19
1115,A00982,Poster17-18
1116,A00983,12-2-03
1117,A03205,Poster10-11
1118,A02821,18-8-03
1119,A00991,5-6-04
1120,A02132,Poster6-06
1121,A00486,14-10-11
1122,A00996,8-5-07
1123,A00996,7-9-01
1124,A00997,7-9-01
1125,A00998,Poster18-20
1126,A02601,Poster29-18
1127,A02601,2-4-02
1128,A00395,Poster4-28
1129,A00065,16-6-06
1130,A01006,Poster12-36
1131,A01007,14-4-04
1132,A01007,10-5-03
1133,A01009,14-6-08
1134,A01009,5-1-05
1135,A01009,Poster3-27
1136,A01009,18-7-02
1137,A01009,18-7-01
1138,A01010,15-1-08
1139,A01012,20-10-11
1140,A01302,Poster19-14
1141,A01014,14-2-01
1142,A01015,16-12-02
1143,A01016,15-1-14
1144,A01016,Poster14-27
1145,A01017,3-4-01
1146,A01018,Poster8-11
1147,A01019,17-4-05
1148,A01021,Poster22-27
1149,A01024,Poster21-15
1150,A01024,11-3-06
1151,A01025,15-6-01
1152,A01088,20-3-07
1153,A01027,18-8-05
1154,A01028,16-5-02
1155,A02333,7-3-09
1156,A01548,Poster17-34
1157,A01035,8-5-06
1158,A01035,2-2-07
1159,A00955,8-3-02
1160,A01039,10-1-07
1161,A00349,Poster16-21
1162,A01041,18-3-02
1163,A01044,16-16-06
1164,A01045,20-5-08
1165,A01046,Poster3-29
1166,A01839,1-2-02
1167,A01049,19-3-04
1168,A01839,Poster13-03
1169,A01051,Poster12-14
1170,A02951,10-7-16
1171,A00960,10-4-03
1172,A01057,Poster3-25
1173,A01058,14-9-11
1174,A01061,3-4-02
1175,A01061,14-9-11
1176,A01061,3-4-10
1177,A01061,3-8-05
1178,A01542,14-14-01
1179,A01542,Poster20-23
1180,A01542,1-1-06
1181,A01542,1-1-14
1182,A00447,20-6-06
1183,A02923,20-5-01
1184,A01135,Poster26-17
1185,A02862,20-11-01
1186,A01435,14-13-08
1187,A02998,16-3-06
1188,A01648,7-14-11
1189,A01072,10-3-02
1190,A03266,3-6-05
1191,A00814,Poster7-29
1192,A01753,Poster8-08
1193,A00976,18-8-04
1194,A00717,Poster12-02
1195,A02635,Poster23-10
1196,A01079,3-2-11
1197,A01079,3-1-05
1198,A02349,14-6-06
1199,A02008,13-3-07
1200,A02349,Poster20-08
1201,A02349,Poster20-09
1202,A01082,Poster15-29
1203,A01083,16-2-03
1204,A01084,17-5-15
1205,A01085,A-W-01
1206,A03988,Poster19-06
1207,A03988,20-3-05
1208,A01087,17-1-01
1209,A03013,3-9-03
1210,A00446,Poster22-28
1211,A01090,Poster29-13
1212,A03013,14-2-15
1213,A01095,Poster22-13
1214,A01095,16-6-12
1215,A01096,11-1-01
1216,A01097,7-13-04
1217,A02349,5-4-03
1218,A02391,3-5-05
1219,A03139,14-3-02
1220,A01101,Poster9-06
1221,A01103,14-10-07
1222,A01104,13-2-05
1223,A01105,Poster7-23
1224,A03139,14-22-07
1225,A01107,15-4-15
1226,A01108,13-6-03
1227,A01108,13-6-05
1228,A02061,18-6-06
1229,A01146,14-17-01
1230,A02061,Poster12-35
1231,A01112,Poster19-11
1232,A01291,Poster17-05
1233,A01114,Poster7-33
1234,A01808,Poster9-10
1235,A01115,3-4-12
1236,A02287,Poster7-16
1237,A03121,Poster7-40
1238,A01120,1-2-03
1239,A01122,8-7-08
1240,A01123,1-3-04
1241,A03212,5-5-06
1242,A02181,16-14-02
1243,A01423,Poster8-10
1244,A01541,Poster28-02
1245,A01001,Poster12-03
1246,A01413,Poster12-23
1247,A01125,3-9-07
1248,A02566,Poster17-36
1249,A00114,1-1-05
1250,A01733,7-7-05
1251,A00114,1-4-04
1252,A03001,10-7-06
1253,A01132,14-1-03
1254,A02241,Poster7-07
1255,A01988,3-1-04
1256,A01600,8-2-04
1257,A00154,8-7-04
1258,A01764,Poster5-30
1259,A01139,14-23-02
1260,A01140,Poster3-14
1261,A01140,Poster20-16
1262,A01764,7-1-16
1263,A01600,13-7-11
1264,A00558,18-13-04
1265,A01148,15-1-01
1266,A01148,15-5-15
1267,A01148,Poster25-10
1268,A01148,15-5-06
1269,A01148,15-5-08
1270,A01149,19-4-05
1271,A01150,7-3-13
1272,A01150,18-7-03
1273,A01150,18-8-05
1274,A01150,19-1-03
1275,A01150,7-10-12
1276,A01150,Poster27-41
1277,A01150,Poster19-52
1278,A01150,18-3-02
1279,A01150,18-8-04
1280,A01150,7-12-06
1281,A01150,Poster17-18
1282,A01944,14-16-01
1283,A01153,14-3-01
1284,A01155,14-11-04
1285,A01156,7-10-04
1286,A01158,7-5-08
1287,A01729,Poster27-15
1288,A01160,Poster27-38
1289,A02133,14-20-03
1290,A02571,4-1-06
1291,A01163,18-5-08
1292,A01164,19-4-06
1293,A01166,7-5-14
1294,A02101,10-7-10
1295,A01897,11-7-07
1296,A00209,7-3-15
1297,A01170,7-17-05
1298,A01171,6-4-12
1299,A01173,Poster14-27
1300,A00958,Poster24-07
1301,A01176,20-7-04
1302,A00958,Poster27-29
1303,A00105,1-1-02
1304,A01179,3-2-09
1305,A00105,1-1-03
1306,A00105,1-1-04
1307,A02743,1-1-07
1308,A00414,17-2-11
1309,A02142,8-4-04
1310,A02743,1-1-09
1311,A01186,Poster23-07
1312,A01188,Poster24-06
1313,A00221,3-4-15
1314,A00756,17-5-10
1315,A00962,7-9-05
1316,A00962,17-2-01
1317,A00962,7-1-04
1318,A01212,6-4-04
1319,A00310,14-13-15
1320,A01065,18-13-07
1321,A01065,8-3-16
1322,A01866,Poster24-20
1323,A01191,Poster5-21
1324,A01192,20-10-01
1325,A00179,16-2-01
1326,A00801,8-4-03
1327,A00801,2-1-06
1328,A01197,14-4-01
1329,A01197,14-4-08
1330,A01198,Poster4-10
1331,A00179,16-15-09
1332,A00179,16-2-03
1333,A01200,11-2-07
1334,A01201,18-7-04
1335,A00564,13-6-02
1336,A01203,2-5-04
1337,A01203,2-5-05
1338,A01203,Poster1-10
1339,A00564,Poster23-36
1340,A00171,Poster3-13
1341,A00171,5-2-03
1342,A01206,8-6-02
1343,A01206,10-2-13
1344,A00171,5-3-04
1345,A03263,10-7-03
1346,A00231,1-2-01
1347,A01211,18-1-04
1348,A01211,18-3-04
1349,A01211,18-7-06
1350,A01211,18-6-08
1351,A02206,3-9-08
1352,A01214,4-1-05
1353,A01214,11-2-08
1354,A01215,14-4-06
1355,A01216,3-8-06
1356,A00231,Poster16-04
1357,A02523,11-3-03
1358,A02555,Poster18-06
1359,A03237,Poster19-58
1360,A03082,17-6-01
1361,A02849,16-3-08
1362,A01119,7-10-10
1363,A01228,19-2-01
1364,A02378,11-7-08
1365,A01471,Poster24-21
1366,A00108,11-3-01
1367,A00965,Poster29-06
1368,A00188,Poster22-25
1369,A00188,16-13-03
1370,A01234,7-16-04
1371,A00747,3-2-13
1372,A01236,16-11-03
1373,A02949,18-13-03
1374,A01528,Poster24-32
1375,A01528,14-7-01
1376,A01528,14-9-14
1377,A01239,Poster21-18
1378,A03090,13-9-02
1379,A00125,10-7-15
1380,A00539,Poster3-38
1381,A01242,Poster14-23
1382,A01243,Poster9-18
1383,A01244,18-4-05
1384,A01244,18-4-01
1385,A01245,17-2-09
1386,A01245,3-9-05
1387,A01245,Poster27-25
1388,A01245,Poster27-40
1389,A01245,Poster17-15
1390,A01245,Poster24-07
1391,A01245,Poster17-18
1392,A01245,Poster27-29
1393,A01245,Poster9-10
1394,A01246,Poster25-28
1395,A01247,19-1-02
1396,A01248,8-4-01
1397,A01248,2-1-05
1398,A01248,Poster6-41
1399,A03090,13-4-02
1400,A00799,Poster18-03
1401,A01178,Poster20-05
1402,A00150,9-1-14
1403,A02586,14-15-15
1404,A01254,Poster11-42
1405,A01254,Poster25-15
1406,A01255,Poster19-06
1407,A01256,Poster2-24
1408,A00527,11-2-05
1409,A02373,16-1-08
1410,A00821,7-4-08
1411,A01260,18-2-14
1412,A01260,5-2-04
1413,A02331,5-7-03
1414,A00371,Poster4-33
1415,A00597,Poster23-20
1416,A02460,Poster9-23
1417,A01264,Poster13-20
1418,A01264,3-6-04
1419,A02393,18-11-05
1420,A02247,Poster8-04
1421,A01268,18-12-04
1422,A01270,Poster13-18
1423,A01270,Poster13-20
1424,A01270,Poster7-19
1425,A01271,Poster7-32
1426,A01272,10-7-13
1427,A00763,5-4-05
1428,A01121,3-4-12
1429,A01121,4-3-14
1430,A00592,Poster14-34
1431,A00826,Poster6-09
1432,A01281,Poster19-43
1433,A01281,Poster19-16
1434,A00075,11-2-12
1435,A01285,10-2-01
1436,A01285,3-1-08
1437,A01285,16-5-05
1438,A00826,Poster5-28
1439,A01290,4-3-03
1440,A00826,14-10-03
1441,A01157,10-4-06
1442,A01296,13-1-01
1443,A01296,Poster17-48
1444,A00523,4-2-04
1445,A00523,7-18-02
1446,A01305,6-4-14
1447,A00098,17-3-02
1448,A01308,8-5-02
1449,A00098,7-1-07
1450,A01315,6-1-03
1451,A01643,Poster9-09
1452,A01317,Poster11-27
1453,A01329,7-11-02
1454,A01585,Poster14-06
1455,A02361,7-13-06
1456,A02127,Poster19-46
1457,A01032,7-14-07
1458,A03158,18-10-07
1459,A02135,7-8-13
1460,A01453,12-1-01
1461,A01453,12-1-02
1462,A01749,Poster11-29
1463,A00157,Poster18-13
1464,A02443,7-9-03
1465,A00660,Poster3-37
1466,A01655,Poster2-02
1467,A02324,Poster11-30
1468,A02422,Poster3-10
1469,A01161,3-7-08
1470,A01161,Poster19-32
1471,A00759,14-4-10
1472,A01731,Poster7-10
1473,A01731,Poster11-09
1474,A01338,12-4-04
1475,A01338,3-8-01
1476,A02815,Poster20-09
1477,A01317,Poster12-13
1478,A01013,13-4-02
1479,A00988,14-15-10
1480,A02031,5-3-03
1481,A01321,13-9-01
1482,A01322,19-4-07
1483,A01323,17-4-07
1484,A01695,Poster27-06
1485,A00625,9-1-06
1486,A01328,14-15-01
1487,A03177,Poster8-07
1488,A01330,Poster20-35
1489,A01332,20-5-05
1490,A01333,Poster14-28
1491,A01334,7-1-09
1492,A01335,11-4-03
1493,A02083,7-11-03
1494,A02083,20-6-05
1495,A01337,18-1-01
1496,A01337,18-7-03
1497,A01926,Poster25-27
1498,A00055,16-15-06
1499,A01853,Poster18-04
1500,A01340,Poster9-30
1501,A01340,Poster9-28
1502,A01340,Poster9-29
1503,A01340,Poster9-31
1504,A01340,Poster9-34
1505,A02381,20-5-09
1506,A00055,Poster22-17
1507,A02785,Poster20-36
1508,A01344,Poster26-02
1509,A01344,16-13-04
1510,A01344,Poster26-08
1511,A01344,16-16-07
1512,A01344,Poster26-10
1513,A00055,16-15-11
1514,A01347,Poster21-29
1515,A00055,16-15-14
1516,A00775,2-2-02
1517,A00635,18-7-01
1518,A00635,18-7-02
1519,A02005,Poster13-24
1520,A02005,Poster7-02
1521,A00635,5-1-05
1522,A01356,16-1-06
1523,A00635,14-6-08
1524,A01948,13-4-07
1525,A01948,Poster14-19
1526,A01360,Poster16-36
1527,A01361,Poster2-19
1528,A00635,Poster3-27
1529,A01363,Poster23-04
1530,A01822,10-7-05
1531,A01389,18-3-05
1532,A01948,Poster7-40
1533,A01386,13-7-08
1534,A02734,Poster9-37
1535,A03107,3-1-04
1536,A03272,Poster13-20
1537,A01394,Poster27-09
1538,A03272,Poster18-29
1539,A01372,11-1-07
1540,A01372,7-10-06
1541,A03059,5-8-03
1542,A03059,Poster3-19
1543,A03107,3-9-04
1544,A03059,Poster3-11
1545,A03059,Poster3-24
1546,A01377,13-7-04
1547,A01378,18-6-08
1548,A01378,18-1-04
1549,A01379,3-7-06
1550,A01380,15-2-01
1551,A01380,15-3-16
1552,A03059,5-2-07
1553,A03272,Poster13-18
1554,A03059,7-3-14
1555,A01384,13-7-01
1556,A03272,20-5-02
1557,A03258,Poster20-33
1558,A01507,Poster21-02
1559,A00191,16-9-05
1560,A00659,Poster20-04
1561,A01390,Poster22-14
1562,A01391,13-9-04
1563,A01392,Poster19-17
1564,A01392,15-6-05
1565,A01393,17-4-03
1566,A01393,17-6-05
1567,A01393,Poster27-15
1568,A03107,Poster7-28
1569,A01499,Poster6-41
1570,A02861,Poster20-12
1571,A02588,Poster20-14
1572,A01396,15-6-03
1573,A03107,Poster11-41
1574,A01400,11-1-06
1575,A01401,9-1-15
1576,A01402,Poster14-22
1577,A01402,18-4-14
1578,A01403,13-1-08
1579,A01404,15-5-04
1580,A01405,Poster17-07
1581,A01406,Poster17-10
1582,A00659,Poster9-15
1583,A00854,Poster5-35
1584,A01409,14-4-08
1585,A01410,4-1-03
1586,A00659,5-2-03
1587,A00659,5-3-04
1588,A01412,16-2-06
1589,A02483,15-4-06
1590,A01415,Poster23-40
1591,A01415,Poster23-42
1592,A01415,11-5-06
1593,A01415,Poster23-31
1594,A01415,3-1-03
1595,A01415,Poster15-31
1596,A02758,Poster22-02
1597,A02758,Poster23-39
1598,A02758,Poster16-34
1599,A02758,9-1-05
1600,A01418,14-2-09
1601,A01419,11-2-08
1602,A02686,Poster5-33
1603,A01421,3-2-03
1604,A01422,16-12-04
1605,A01422,16-12-01
1606,A01422,16-12-12
1607,A01424,6-4-06
1608,A01426,2-5-03
1609,A01427,13-7-02
1610,A01427,13-9-08
1611,A01428,3-1-03
1612,A01428,Poster23-31
1613,A01428,Poster23-40
1614,A01428,11-5-06
1615,A01428,Poster23-42
1616,A01428,Poster15-31
1617,A01429,20-3-02
1618,A02974,Poster6-19
1619,A01744,18-9-02
1620,A00464,Poster2-11
1621,A02497,Poster12-46
1622,A01433,14-13-14
1623,A01436,14-2-04
1624,A01436,8-1-04
1625,A03482,Poster17-42
1626,A02542,19-2-07
1627,A01439,Poster12-28
1628,A01439,18-6-03
1629,A01439,Poster14-38
1630,A01440,6-4-01
1631,A00824,14-14-01
1632,A00244,16-7-03
1633,A01091,Poster23-28
1634,A01169,18-10-05
1635,A01169,18-5-05
1636,A02285,Poster7-06
1637,A01699,Poster12-19
1638,A01699,Poster26-24
1639,A00488,10-6-06
1640,A01442,Poster16-05
1641,A02525,13-3-12
1642,A03375,15-4-12
1643,A02464,Poster29-02
1644,A01446,7-12-08
1645,A02319,Poster2-12
1646,A01448,15-3-07
1647,A01449,Poster17-15
1648,A01449,Poster17-18
1649,A02472,3-7-01
1650,A01452,Poster4-15
1651,A01969,11-5-08
1652,A01994,Poster25-21
1653,A01454,Poster17-29
1654,A01455,16-3-01
1655,A01456,Poster24-28
1656,A01115,4-3-14
1657,A01458,13-10-07
1658,A01458,Poster17-31
1659,A01093,20-6-02
1660,A00275,20-9-01
1661,A01463,11-8-07
1662,A01464,Poster10-05
1663,A00726,Poster11-23
1664,A01466,14-2-12
1665,A01467,10-2-06
1666,A00230,14-12-04
1667,A01472,13-1-03
1668,A01473,Poster2-26
1669,A01582,Poster9-08
1670,A01582,Poster9-21
1671,A01475,13-5-05
1672,A00230,14-12-06
1673,A01478,18-6-04
1674,A01478,Poster12-29
1675,A01479,Poster10-07
1676,A01480,Poster9-14
1677,A01483,14-9-12
1678,A01484,13-3-09
1679,A01485,13-1-07
1680,A01486,2-1-03
1681,A00428,Poster11-02
1682,A01491,7-12-11
1683,A01491,18-13-07
1684,A01441,6-2-02
1685,A01824,Poster22-03
1686,A01496,5-3-02
1687,A01496,Poster12-24
1688,A01496,Poster5-11
1689,A01497,Poster5-16
1690,A01497,Poster27-04
1691,A03142,7-12-16
1692,A01441,8-3-08
1693,A01225,Poster6-38
1694,A00053,7-6-06
1695,A00053,8-3-01
1696,A01502,Poster7-03
1697,A01502,10-8-04
1698,A00053,8-3-02
1699,A00771,14-5-03
1700,A02609,12-5-04
1701,A02470,Poster3-02
1702,A03519,Poster13-19
1703,A03519,Poster16-16
1704,A01875,16-1-04
1705,A01820,3-5-04
1706,A01513,16-12-03
1707,A02896,Poster16-14
1708,A02896,15-5-16
1709,A00575,Poster2-13
1710,A00830,Poster23-03
1711,A01519,Poster16-28
1712,A01520,Poster16-28
1713,A01521,14-8-08
1714,A01523,13-7-15
1715,A02920,20-9-02
1716,A01525,15-3-02
1717,A01526,20-10-08
1718,A01526,20-10-04
1719,A01526,20-10-07
1720,A01362,Poster12-33
1721,A02546,12-3-04
1722,A01529,Poster7-11
1723,A01529,Poster13-08
1724,A01529,20-11-06
1725,A02929,15-3-15
1726,A01534,13-7-15
1727,A01534,13-1-03
1728,A01564,Poster24-11
1729,A00923,14-1-06
1730,A01539,7-11-03
1731,A01539,20-6-05
1732,A01540,17-3-02
1733,A00721,20-7-03
1734,A03476,5-6-03
1735,A03476,20-6-04
1736,A03476,Poster24-37
1737,A01543,10-3-07
1738,A00721,12-1-07
1739,A01546,Poster25-02
1740,A01549,6-1-04
1741,A01217,20-2-03
1742,A01552,Poster19-28
1743,A01553,14-4-12
1744,A01554,16-9-01
1745,A01555,Poster26-18
1746,A00696,13-2-04
1747,A00696,13-2-14
1748,A01217,3-2-04
1749,A01527,Poster6-41
1750,A01527,Poster1-06
1751,A01561,14-23-04
1752,A01395,4-4-02
1753,A01566,Poster21-03
1754,A01567,1-3-01
1755,A01395,14-12-04
1756,A01395,20-5-11
1757,A01570,18-6-06
1758,A02476,13-8-03
1759,A01572,Poster26-07
1760,A01572,16-13-04
1761,A01527,2-4-03
1762,A01576,12-1-04
1763,A01576,12-1-03
1764,A02476,Poster23-17
1765,A02339,7-3-10
1766,A02191,Poster24-27
1767,A00475,Poster3-03
1768,A02028,15-3-08
1769,A00905,4-2-07
1770,A00905,Poster2-39
1771,A00905,Poster2-40
1772,A00853,Poster14-03
1773,A02911,14-10-04
1774,A02911,14-10-08
1775,A02911,13-7-12
1776,A03395,Poster11-34
1777,A01583,7-13-02
1778,A01174,7-3-06
1779,A01258,Poster6-39
1780,A02587,Poster27-08
1781,A01587,15-5-09
1782,A01587,15-1-12
1783,A00045,1-1-02
1784,A01589,16-13-02
1785,A00045,1-1-03
1786,A01591,Poster19-10
1787,A01592,19-2-06
1788,A02587,Poster14-17
1789,A02152,2-3-01
1790,A02152,2-3-02
1791,A01596,A-ICE-02
1792,A01596,16-4-08
1793,A01597,18-3-07
1794,A01597,Poster17-36
1795,A01857,Poster7-04
1796,A02587,Poster27-09
1797,A02701,19-1-07
1798,A01601,18-11-02
1799,A02701,Poster2-18
1800,A01705,Poster16-29
1801,A03046,Poster7-38
1802,A03152,Poster22-04
1803,A01031,Poster25-31
1804,A02152,2-3-03
1805,A02152,2-3-04
1806,A01606,Poster12-27
1807,A01607,15-5-11
1808,A01607,Poster25-20
1809,A02152,2-3-05
1810,A01609,Poster14-12
1811,A01609,5-2-03
1812,A01611,15-1-10
1813,A01611,16-3-08
1814,A01612,16-6-09
1815,A01134,8-6-07
1816,A03098,8-5-05
1817,A01615,16-14-06
1818,A01615,16-14-07
1819,A03267,20-9-03
1820,A01619,3-11-01
1821,A00489,Poster4-27
1822,A01621,Poster24-10
1823,A01622,18-11-08
1824,A02152,2-3-06
1825,A02152,18-2-06
1826,A01626,7-14-12
1827,A01627,Poster14-17
1828,A00754,Poster1-01
1829,A01630,Poster7-18
1830,A01631,2-3-01
1831,A01803,Poster13-23
1832,A02152,18-2-09
1833,A00307,11-1-03
1834,A01635,Poster14-38
1835,A01993,Poster5-14
1836,A01826,3-6-03
1837,A01826,4-1-05
1838,A01826,3-6-06
1839,A01637,16-12-06
1840,A01637,13-4-05
1841,A01637,16-12-08
1842,A02328,7-10-15
1843,A01639,14-13-05
1844,A01639,14-13-08
1845,A01639,Poster2-02
1846,A01640,Poster17-47
1847,A01640,18-13-01
1848,A01445,Poster17-23
1849,A01896,Poster22-32
1850,A00633,3-5-02
1851,A01644,Poster16-39
1852,A01644,14-13-05
1853,A01645,16-12-06
1854,A01646,16-2-11
1855,A00909,12-2-05
1856,A01896,Poster6-34
1857,A01649,2-5-07
1858,A01650,Poster11-14
1859,A01650,17-2-15
1860,A01650,Poster27-01
1861,A01652,Poster6-12
1862,A01652,18-2-11
1863,A01653,Poster11-37
1864,A01896,16-5-05
1865,A01656,7-17-07
1866,A01657,20-9-07
1867,A01658,Poster21-19
1868,A00510,18-4-15
1869,A01202,Poster23-03
1870,A00580,18-10-08
1871,A01664,Poster22-06
1872,A01665,10-4-02
1873,A01666,Poster4-29
1874,A01667,2-4-06
1875,A01668,2-4-06
1876,A01669,6-4-08
1877,A01670,Poster1-16
1878,A01670,Poster8-14
1879,A01671,16-3-03
1880,A01672,12-4-08
1881,A01672,12-4-07
1882,A01673,10-8-06
1883,A01512,6-2-01
1884,A03379,18-7-06
1885,A03005,2-2-04
1886,A03005,Poster29-10
1887,A00113,14-17-01
1888,A01679,7-1-15
1889,A01679,Poster11-07
1890,A01680,12-5-07
1891,A01680,Poster11-33
1892,A01681,Poster20-03
1893,A01682,14-7-04
1894,A01682,14-21-06
1895,A01683,13-7-13
1896,A01683,3-9-06
1897,A01683,Poster11-26
1898,A01683,13-10-03
1899,A01683,13-10-06
1900,A01684,Poster21-20
1901,A01684,5-4-04
1902,A01686,Poster4-03
1903,A01687,Poster19-16
1904,A01688,7-10-06
1905,A01688,7-3-09
1906,A01688,11-1-07
1907,A01688,Poster2-08
1908,A01689,18-2-02
1909,A01689,18-8-03
1910,A00113,3-9-01
1911,A00113,3-3-05
1912,A00434,7-15-04
1913,A00113,Poster19-20
1914,A00113,Poster16-02
1915,A01694,17-1-05
1916,A01694,7-15-07
1917,A01694,Poster27-26
1918,A00113,Poster8-08
1919,A01696,Poster12-05
1920,A01697,16-16-06
1921,A01697,17-6-06
1922,A01697,Poster27-34
1923,A01698,Poster4-04
1924,A01698,Poster4-06
1925,A01698,6-2-04
1926,A00113,Poster24-02
1927,A00113,Poster16-31
1928,A01700,Poster29-07
1929,A00113,Poster18-18
1930,A01702,14-11-01
1931,A01702,Poster14-39
1932,A01293,Poster4-12
1933,A00917,Poster24-09
1934,A01706,14-7-05
1935,A01706,14-7-16
1936,A00917,Poster3-03
1937,A00936,20-9-13
1938,A01690,Poster28-01
1939,A01690,Poster28-03
1940,A03077,Poster28-01
1941,A00287,Poster5-01
1942,A02351,5-1-01
1943,A01067,Poster12-06
1944,A01641,10-5-04
1945,A03479,6-3-03
1946,A01708,15-5-12
1947,A01599,Poster15-30
1948,A03145,14-3-02
1949,A01712,Poster19-12
1950,A03145,14-22-07
1951,A01714,17-1-06
1952,A01716,3-4-10
1953,A01716,3-8-05
1954,A01273,14-21-07
1955,A01718,Poster1-11
1956,A01719,Poster17-48
1957,A01720,Poster21-33
1958,A02729,Poster19-37
1959,A03207,Poster10-12
1960,A01898,Poster9-42
1961,A03125,Poster2-21
1962,A02249,16-1-02
1963,A02249,16-12-03
1964,A01273,3-8-14
1965,A02582,7-1-10
1966,A01898,5-5-05
1967,A03160,Poster22-05
1968,A01128,Poster7-27
1969,A01724,5-4-07
1970,A01724,Poster17-34
1971,A01725,5-4-01
1972,A01725,7-3-14
1973,A01725,Poster3-11
1974,A01725,Poster3-24
1975,A00953,Poster19-05
1976,A01727,Poster12-20
1977,A01728,14-8-07
1978,A01728,19-1-05
1979,A00953,Poster12-20
1980,A00568,3-7-02
1981,A00953,8-3-07
1982,A00953,8-3-08
1983,A01734,Poster23-32
1984,A00448,Poster23-19
1985,A00477,6-4-02
1986,A01736,1-4-01
1987,A01736,1-4-02
1988,A01736,Poster8-01
1989,A01736,1-1-15
1990,A01736,Poster13-03
1991,A01737,14-10-12
1992,A00477,8-1-01
1993,A01739,14-11-05
1994,A01425,Poster6-09
1995,A01741,11-5-05
1996,A01425,17-5-06
1997,A01743,Poster24-31
1998,A00477,3-3-05
1999,A00477,Poster6-26
2000,A00477,Poster2-37
2001,A01306,14-17-07
2002,A01748,Poster15-08
2003,A00479,16-15-10
2004,A00113,Poster18-30
2005,A01949,Poster19-59
2006,A00113,3-2-16
2007,A01809,20-5-06
2008,A01757,1-2-06
2009,A01765,8-5-03
2010,A01765,2-4-08
2011,A01766,12-3-08
2012,A01767,20-11-06
2013,A01768,1-1-01
2014,A01770,13-10-06
2015,A01771,Poster2-05
2016,A01774,Poster21-22
2017,A01782,Poster27-22
2018,A01783,1-3-05
2019,A01901,Poster3-32
2020,A01787,14-11-06
2021,A01789,Poster20-26
2022,A01789,Poster9-20
2023,A01790,18-11-06
2024,A01791,20-10-07
2025,A01791,20-10-04
2026,A01791,20-10-08
2027,A01792,Poster16-01
2028,A01798,3-4-04
2029,A01800,14-17-06
2030,A01801,12-3-05
2031,A01801,16-15-15
2032,A01807,Poster6-14
2033,A01810,16-6-11
2034,A02622,5-9-03
2035,A02622,5-9-04
2036,A01776,3-6-03
2037,A01816,7-16-09
2038,A01818,16-6-12
2039,A01776,14-13-02
2040,A01776,14-13-07
2041,A00877,20-4-02
2042,A03032,7-16-10
2043,A02338,8-6-04
2044,A00919,1-1-04
2045,A00919,20-9-08
2046,A02725,Poster20-13
2047,A01204,19-1-05
2048,A01204,Poster26-14
2049,A00818,3-1-08
2050,A00818,10-2-01
2051,A02327,2-1-08
2052,A01129,Poster9-24
2053,A01094,7-5-12
2054,A01195,7-8-07
2055,A02876,2-3-04
2056,A02876,2-3-05
2057,A02807,11-8-06
2058,A02807,20-5-12
2059,A02456,13-3-03
2060,A02456,13-3-12
2061,A02917,5-8-07
2062,A00935,7-15-01
2063,A00112,10-3-06
2064,A01829,16-3-04
2065,A01241,Poster17-13
2066,A01832,Poster15-14
2067,A01092,13-2-13
2068,A01835,13-8-01
2069,A01835,Poster23-17
2070,A01241,Poster9-24
2071,A01241,Poster17-28
2072,A02939,Poster18-27
2073,A01026,Poster15-28
2074,A01838,2-2-01
2075,A00228,2-1-04
2076,A00755,7-8-12
2077,A00051,10-6-08
2078,A03184,14-22-06
2079,A03184,14-3-06
2080,A00051,Poster11-35
2081,A01842,14-23-06
2082,A01843,4-1-08
2083,A00051,Poster11-09
2084,A01846,14-17-02
2085,A01846,Poster25-14
2086,A01847,Poster17-16
2087,A01848,1-2-02
2088,A01848,Poster13-03
2089,A00051,15-6-14
2090,A03184,3-4-11
2091,A01852,15-6-12
2092,A03015,13-10-07
2093,A01355,13-7-09
2094,A01856,16-12-14
2095,A00051,10-3-08
2096,A02619,Poster13-14
2097,A01860,5-6-08
2098,A01860,5-2-07
2099,A01860,20-1-08
2100,A01861,16-12-07
2101,A01861,Poster5-03
2102,A01861,Poster27-01
2103,A00237,Poster23-14
2104,A01408,14-19-04
2105,A01865,Poster20-34
2106,A02547,13-9-03
2107,A03011,Poster19-04
2108,A01868,Poster27-03
2109,A02547,Poster23-21
2110,A03011,7-18-01
2111,A01660,4-5-02
2112,A01660,Poster23-10
2113,A01407,Poster19-31
2114,A01407,Poster2-37
2115,A01660,4-3-04
2116,A00577,Poster21-15
2117,A00577,20-2-02
2118,A01806,Poster13-19
2119,A02223,12-1-02
2120,A02223,Poster17-14
2121,A02223,Poster20-06
2122,A00546,7-18-03
2123,A00595,19-3-03
2124,A02394,14-10-08
2125,A01510,19-4-13
2126,A01138,18-8-01
2127,A01878,Poster17-37
2128,A01879,16-12-05
2129,A01880,18-1-06
2130,A01880,7-14-10
2131,A01912,10-7-08
2132,A01912,14-4-14
2133,A01918,17-2-15
2134,A01884,3-10-01
2135,A01884,3-10-02
2136,A01885,14-22-05
2137,A02394,13-7-12
2138,A00658,9-1-10
2139,A01887,18-2-11
2140,A01887,18-4-14
2141,A01887,Poster6-12
2142,A01888,15-4-12
2143,A01889,13-2-12
2144,A01890,15-2-06
2145,A01891,Poster5-07
2146,A01891,15-2-06
2147,A00628,14-3-03
2148,A00628,Poster23-23
2149,A01895,20-1-02
2150,A03074,16-7-07
2151,A00218,Poster14-04
2152,A02494,3-8-15
2153,A02403,11-3-02
2154,A01451,7-17-04
2155,A01899,11-7-01
2156,A01900,20-1-05
2157,A02134,12-4-04
2158,A01902,16-15-16
2159,A01902,14-6-02
2160,A01902,16-2-11
2161,A01902,Poster22-06
2162,A01903,14-9-07
2163,A02046,Poster27-13
2164,A01906,10-4-04
2165,A00719,Poster12-22
2166,A02046,14-15-12
2167,A00719,Poster12-30
2168,A01910,Poster27-01
2169,A01722,Poster9-38
2170,A01913,8-3-06
2171,A01722,Poster14-03
2172,A01722,Poster14-21
2173,A00891,Poster29-26
2174,A01916,Poster24-16
2175,A01917,Poster8-12
2176,A01451,Poster27-33
2177,A01920,20-10-12
2178,A01921,8-3-12
2179,A01921,8-3-13
2180,A01722,Poster21-06
2181,A01722,Poster29-17
2182,A00719,Poster12-31
2183,A01924,7-13-03
2184,A01795,Poster13-22
2185,A02348,14-18-06
2186,A01795,Poster29-16
2187,A01722,7-8-01
2188,A01929,16-8-05
2189,A01930,Poster24-13
2190,A01930,14-9-15
2191,A01930,Poster24-14
2192,A01932,Poster23-37
2193,A01933,Poster27-16
2194,A03008,Poster6-45
2195,A00677,Poster17-03
2196,A01722,7-8-03
2197,A01722,7-8-05
2198,A01940,11-2-01
2199,A01942,2-4-04
2200,A01722,7-8-06
2201,A01945,17-4-01
2202,A01946,Poster25-10
2203,A00046,3-1-01
2204,A00046,3-1-02
2205,A00046,Poster10-10
2206,A01952,Poster15-12
2207,A02178,8-7-06
2208,A01955,17-5-09
2209,A01955,15-6-13
2210,A00073,Poster29-09
2211,A01957,Poster27-07
2212,A01958,16-4-02
2213,A01961,18-4-06
2214,A01795,Poster13-16
2215,A01559,Poster23-24
2216,A00257,16-15-01
2217,A00257,16-15-13
2218,A02212,20-8-12
2219,A02488,Poster3-15
2220,A00522,4-2-04
2221,A02827,Poster20-08
2222,A01751,Poster12-26
2223,A01961,Poster12-06
2224,A01961,Poster12-08
2225,A01961,Poster12-09
2226,A01961,Poster12-11
2227,A01962,Poster29-15
2228,A01963,5-5-02
2229,A01964,Poster26-04
2230,A01964,Poster24-11
2231,A01964,Poster24-12
2232,A01964,Poster24-15
2233,A02722,Poster2-35
2234,A00631,7-9-06
2235,A00631,5-4-02
2236,A03004,14-3-05
2237,A01968,Poster11-28
2238,A01284,Poster21-06
2239,A03004,12-5-02
2240,A03004,8-7-06
2241,A01971,14-4-05
2242,A00749,14-3-05
2243,A01222,Poster12-40
2244,A01975,Poster19-19
2245,A01222,14-13-09
2246,A01977,18-4-02
2247,A00749,12-5-05
2248,A01979,Poster4-08
2249,A01126,Poster21-21
2250,A01981,Poster19-48
2251,A00807,8-3-15
2252,A00749,8-7-06
2253,A01986,Poster3-28
2254,A02368,5-8-05
2255,A01989,11-2-14
2256,A01989,11-7-04
2257,A00234,18-2-05
2258,A03185,7-7-07
2259,A02343,3-9-01
2260,A02368,Poster7-36
2261,A00764,6-4-16
2262,A00764,16-10-02
2263,A01785,13-8-03
2264,A01785,Poster23-17
2265,A01995,Poster29-14
2266,A00764,10-2-12
2267,A02343,Poster24-33
2268,A01999,Poster7-26
2269,A02001,13-8-04
2270,A01785,Poster25-15
2271,A01747,Poster12-54
2272,A01194,5-7-05
2273,A01786,Poster13-17
2274,A02007,17-2-01
2275,A01747,Poster15-07
2276,A02009,6-2-03
2277,A02009,13-3-07
2278,A02009,Poster4-05
2279,A02010,7-15-07
2280,A02010,Poster27-26
2281,A01786,Poster24-02
2282,A02014,Poster27-42
2283,A02014,10-2-04
2284,A02014,Poster28-03
2285,A01029,3-10-05
2286,A02018,15-1-03
2287,A02019,18-1-03
2288,A01029,Poster18-25
2289,A02021,Poster7-09
2290,A02021,Poster2-29
2291,A02021,Poster2-06
2292,A02025,Poster26-22
2293,A02026,Poster4-05
2294,A02026,6-2-03
2295,A02027,17-4-05
2296,A01536,14-8-04
2297,A02029,Poster6-08
2298,A01536,15-4-02
2299,A02038,Poster24-15
2300,A02039,14-11-07
2301,A02043,Poster20-23
2302,A02766,7-8-04
2303,A00618,Poster21-07
2304,A00719,Poster12-33
2305,A02050,18-7-06
2306,A02051,Poster24-17
2307,A00719,Poster12-44
2308,A02056,Poster19-21
2309,A02056,Poster21-24
2310,A02056,Poster5-27
2311,A00719,Poster12-40
2312,A00719,Poster12-26
2313,A00719,Poster12-32
2314,A02059,7-18-08
2315,A02060,3-8-05
2316,A02063,Poster29-04
2317,A02064,Poster12-34
2318,A02065,10-9-08
2319,A02066,Poster9-19
2320,A02066,11-2-09
2321,A02068,Poster27-18
2322,A02069,10-1-06
2323,A02069,10-2-09
2324,A02071,14-15-12
2325,A01871,10-7-14
2326,A00990,18-7-01
2327,A02079,16-2-05
2328,A02081,15-1-06
2329,A02082,6-4-10
2330,A01299,Poster16-31
2331,A00039,7-4-04
2332,A01758,Poster23-41
2333,A02085,19-3-01
2334,A00374,3-3-04
2335,A00956,4-2-08
2336,A02090,7-13-01
2337,A02090,7-3-01
2338,A02092,Poster14-37
2339,A02092,Poster14-10
2340,A00956,Poster2-23
2341,A02094,10-4-07
2342,A02094,Poster14-24
2343,A02094,10-2-15
2344,A02095,16-6-07
2345,A00956,Poster21-07
2346,A01642,9-1-02
2347,A00956,Poster21-13
2348,A00956,14-15-14
2349,A02099,8-2-03
2350,A02100,Poster13-16
2351,A02100,Poster29-16
2352,A02574,Poster22-22
2353,A01310,18-10-03
2354,A02589,Poster12-43
2355,A02459,Poster24-30
2356,A00272,Poster11-21
2357,A00278,17-6-02
2358,A00141,Poster6-26
2359,A00141,16-5-03
2360,A00141,16-5-04
2361,A02100,Poster13-22
2362,A00138,12-3-03
2363,A01143,Poster8-15
2364,A02103,16-10-05
2365,A02103,6-4-07
2366,A02103,6-4-11
2367,A02103,Poster4-17
2368,A02104,14-13-01
2369,A02106,12-5-01
2370,A01872,16-12-07
2371,A02126,4-5-02
2372,A02126,7-3-08
2373,A02091,18-12-05
2374,A02613,11-7-03
2375,A04008,Poster21-02
2376,A01020,13-3-13
2377,A01872,Poster4-29
2378,A04008,Poster3-38
2379,A02110,Poster15-23
2380,A00463,2-3-02
2381,A01872,Poster5-03
2382,A00463,18-6-03
2383,A00463,2-3-04
2384,A02115,10-2-10
2385,A01872,Poster27-01
2386,A00463,2-3-05
2387,A02118,Poster3-39
2388,A00463,18-3-05
2389,A00463,2-3-06
2390,A02120,13-8-05
2391,A02084,Poster11-05
2392,A00463,Poster14-38
2393,A00463,Poster12-28
2394,A02124,Poster11-04
2395,A02125,Poster29-16
2396,A02125,Poster13-16
2397,A01872,Poster22-08
2398,A00933,8-7-02
2399,A01872,16-15-12
2400,A02128,7-12-13
2401,A01872,16-2-15
2402,A01872,2-5-08
2403,A00979,Poster8-02
2404,A00463,Poster2-26
2405,A00463,7-16-11
2406,A02205,Poster23-44
2407,A02904,5-8-05
2408,A02136,Poster22-24
2409,A02137,4-4-01
2410,A03282,4-1-01
2411,A02139,8-3-05
2412,A02140,Poster2-34
2413,A02141,4-4-01
2414,A02141,4-4-03
2415,A01003,Poster18-17
2416,A01280,Poster11-06
2417,A02983,13-4-06
2418,A00606,7-6-08
2419,A02146,15-6-02
2420,A02147,18-5-06
2421,A03540,18-12-02
2422,A02150,2-3-08
2423,A02705,3-9-04
2424,A02015,Poster7-35
2425,A03078,Poster21-36
2426,A01492,Poster22-11
2427,A02154,Poster9-17
2428,A02155,11-8-03
2429,A02155,3-4-08
2430,A02155,3-2-06
2431,A02155,9-1-09
2432,A02155,3-8-10
2433,A02638,13-1-06
2434,A01063,8-1-05
2435,A00606,Poster20-18
2436,A02158,13-7-07
2437,A02158,Poster23-15
2438,A01353,5-7-08
2439,A00606,Poster24-29
2440,A02162,14-17-04
2441,A02162,14-15-03
2442,A02164,Poster11-34
2443,A02165,13-7-11
2444,A02167,8-4-07
2445,A02167,17-6-05
2446,A02167,Poster14-31
2447,A02754,14-8-06
2448,A02169,15-3-03
2449,A02169,15-3-05
2450,A00848,Poster24-08
2451,A02573,17-5-04
2452,A02741,7-9-04
2453,A01833,7-14-14
2454,A01262,15-6-07
2455,A02175,11-2-10
2456,A02549,Poster23-39
2457,A02177,16-11-02
2458,A02179,8-1-03
2459,A02179,16-16-05
2460,A02549,Poster16-34
2461,A03026,Poster18-25
2462,A02636,14-8-02
2463,A02185,15-4-09
2464,A02186,18-2-12
2465,A02187,Poster21-12
2466,A02187,14-21-04
2467,A02188,3-2-02
2468,A02188,18-10-08
2469,A02189,18-10-04
2470,A02190,14-16-04
2471,A02190,14-16-06
2472,A02190,15-3-04
2473,A01351,Poster17-06
2474,A02192,7-3-08
2475,A02636,19-2-05
2476,A02194,Poster7-12
2477,A02195,Poster16-06
2478,A02196,3-10-02
2479,A02196,14-20-08
2480,A02196,3-10-01
2481,A02196,Poster21-30
2482,A02196,Poster24-35
2483,A02197,16-5-01
2484,A01144,17-3-04
2485,A00057,15-1-07
2486,A02200,7-10-05
2487,A02202,16-2-16
2488,A02203,3-8-02
2489,A02203,14-7-03
2490,A02204,18-2-01
2491,A02204,16-4-06
2492,A02956,19-2-04
2493,A02209,Poster4-30
2494,A02211,4-3-05
2495,A02214,14-23-01
2496,A02215,Poster2-27
2497,A02215,Poster2-34
2498,A02217,19-3-05
2499,A01967,10-8-04
2500,A01967,10-8-08
2501,A01967,Poster7-03
2502,A02222,14-10-02
2503,A00900,17-6-03
2504,A00700,7-3-01
2505,A01154,Poster19-26
2506,A01769,7-4-05
2507,A01509,Poster3-13
2508,A02277,Poster18-05
2509,A02277,Poster18-23
2510,A02277,3-2-15
2511,A02314,16-15-08
2512,A00300,20-3-05
2513,A00236,5-2-01
2514,A01251,Poster7-27
2515,A01251,Poster5-09
2516,A01251,20-11-02
2517,A00439,14-10-16
2518,A02670,18-6-07
2519,A02660,18-12-07
2520,A02098,Poster21-38
2521,A00624,Poster25-03
2522,A02232,Poster19-24
2523,A02233,4-3-06
2524,A02161,Poster15-33
2525,A02235,4-5-04
2526,A00624,Poster24-08
2527,A02239,Poster9-10
2528,A02240,11-3-03
2529,A02240,11-3-05
2530,A02240,5-3-05
2531,A02240,Poster9-26
2532,A02240,Poster23-17
2533,A01574,Poster17-33
2534,A01443,7-18-04
2535,A02244,Poster12-39
2536,A02244,Poster12-38
2537,A00627,14-14-08
2538,A00627,Poster16-19
2539,A02250,7-2-01
2540,A02252,Poster3-20
2541,A02254,13-9-05
2542,A02255,18-13-02
2543,A02255,11-2-14
2544,A02255,11-7-04
2545,A02255,17-5-09
2546,A02255,Poster1-21
2547,A02255,15-6-13
2548,A02256,Poster29-05
2549,A02256,3-5-05
2550,A02256,14-16-06
2551,A02257,Poster1-11
2552,A02258,Poster14-18
2553,A02260,14-11-06
2554,A02260,15-3-06
2555,A02261,7-7-03
2556,A02261,1-3-02
2557,A02261,Poster16-02
2558,A02261,Poster29-14
2559,A02261,7-7-01
2560,A02261,Poster19-14
2561,A02261,7-7-02
2562,A02262,Poster20-24
2563,A02037,16-8-06
2564,A02473,12-3-03
2565,A02473,Poster14-08
2566,A01130,Poster13-10
2567,A02914,Poster10-10
2568,A02268,14-2-06
2569,A02269,Poster1-20
2570,A02270,7-5-13
2571,A02473,11-2-15
2572,A02275,13-9-07
2573,A03246,2-1-06
2574,A01877,1-1-10
2575,A01850,10-3-08
2576,A02282,Poster6-40
2577,A02283,Poster27-17
2578,A02401,18-13-06
2579,A02735,14-10-06
2580,A00785,Poster12-01
2581,A02288,Poster3-05
2582,A00229,12-3-04
2583,A00229,12-4-06
2584,A00229,Poster20-01
2585,A02291,Poster26-27
2586,A02291,8-4-05
2587,A01909,14-7-02
2588,A01923,14-9-15
2589,A02298,13-10-05
2590,A02299,17-3-06
2591,A02300,Poster2-06
2592,A00971,10-8-03
2593,A01633,Poster3-22
2594,A03422,Poster14-14
2595,A02304,Poster29-23
2596,A02305,Poster29-16
2597,A02305,Poster13-22
2598,A02305,Poster13-16
2599,A02308,14-10-15
2600,A02309,Poster7-35
2601,A02310,Poster13-29
2602,A02310,Poster20-10
2603,A02311,3-2-04
2604,A02311,20-3-04
2605,A02311,3-8-03
2606,A02311,20-2-03
2607,A02311,3-2-10
2608,A02312,Poster27-30
2609,A01777,5-5-07
2610,A01978,Poster23-34
2611,A02316,20-4-05
2612,A02317,14-9-06
2613,A02317,14-4-16
2614,A02317,Poster25-17
2615,A02318,11-6-04
2616,A00370,Poster21-34
2617,A02890,Poster3-19
2618,A02323,Poster21-11
2619,A01704,7-15-07
2620,A02325,15-5-01
2621,A02325,16-15-08
2622,A02326,14-15-11
2623,A01704,Poster27-26
2624,A01613,3-4-13
2625,A01385,18-6-02
2626,A02334,Poster20-25
2627,A02335,Poster26-11
2628,A02336,15-3-06
2629,A02337,10-1-01
2630,A01385,Poster12-29
2631,A02341,Poster19-36
2632,A02980,Poster15-03
2633,A02344,5-2-05
2634,A02346,18-7-08
2635,A02346,Poster12-25
2636,A02346,20-6-07
2637,A02347,20-8-13
2638,A02980,11-8-01
2639,A02416,Poster20-16
2640,A00508,3-1-01
2641,A02350,Poster19-27
2642,A03546,17-2-08
2643,A02552,20-6-02
2644,A00999,Poster19-07
2645,A03372,Poster3-12
2646,A02552,7-14-03
2647,A02552,7-14-13
2648,A01590,10-2-02
2649,A01677,3-1-06
2650,A01581,Poster26-28
2651,A00462,14-13-13
2652,A00966,7-10-11
2653,A01312,14-22-01
2654,A01312,14-9-16
2655,A02035,7-11-01
2656,A02688,18-8-06
2657,A01723,16-9-08
2658,A00279,Poster3-30
2659,A00742,3-3-04
2660,A00742,11-5-08
2661,A00742,13-7-05
2662,A00498,20-1-07
2663,A02218,3-9-02
2664,A02355,Poster26-09
2665,A02355,16-16-07
2666,A02356,5-9-04
2667,A02357,Poster26-08
2668,A02357,Poster26-02
2669,A02218,Poster26-17
2670,A02359,3-6-02
2671,A02360,11-4-07
2672,A02755,18-1-02
2673,A02362,Poster17-28
2674,A02363,Poster16-07
2675,A02364,15-3-14
2676,A02364,15-5-13
2677,A02365,8-7-01
2678,A02218,4-3-08
2679,A02367,13-6-05
2680,A02755,Poster19-50
2681,A02755,18-9-03
2682,A02369,Poster9-20
2683,A00025,14-7-05
2684,A01080,8-6-02
2685,A01080,10-2-13
2686,A01250,3-3-07
2687,A01951,Poster15-06
2688,A03278,3-4-08
2689,A00025,14-7-16
2690,A02374,15-1-12
2691,A02374,15-5-05
2692,A02374,8-1-02
2693,A02374,1-1-10
2694,A02374,14-18-07
2695,A01130,Poster13-11
2696,A01130,Poster13-15
2697,A02661,15-5-02
2698,A02380,10-7-11
2699,A02981,Poster12-52
2700,A02382,14-5-01
2701,A02984,Poster16-26
2702,A02384,Poster5-08
2703,A00806,Poster14-20
2704,A02042,14-19-02
2705,A02387,6-1-08
2706,A00251,Poster20-17
2707,A02389,13-6-01
2708,A01814,6-3-07
2709,A02491,1-2-05
2710,A02491,Poster8-03
2711,A02226,17-5-14
2712,A02491,1-3-03
2713,A00876,Poster9-05
2714,A02395,17-5-08
2715,A02396,14-9-02
2716,A00713,Poster4-14
2717,A02398,7-12-09
2718,A00251,Poster17-16
2719,A02400,Poster24-26
2720,A02438,Poster5-15
2721,A02438,7-8-03
2722,A02404,Poster14-33
2723,A02405,15-6-11
2724,A02406,11-2-02
2725,A02653,Poster11-33
2726,A02916,5-8-07
2727,A02408,14-20-06
2728,A02438,7-8-04
2729,A02410,Poster15-17
2730,A02411,17-4-06
2731,A01251,20-11-03
2732,A01828,18-7-01
2733,A02916,5-8-08
2734,A01828,5-1-05
2735,A01828,14-6-08
2736,A02902,Poster17-43
2737,A02557,11-7-05
2738,A01505,2-1-05
2739,A02853,16-5-07
2740,A01828,Poster3-27
2741,A01959,8-3-04
2742,A02266,Poster26-24
2743,A02978,Poster21-32
2744,A01802,1-2-04
2745,A01802,Poster13-23
2746,A01802,Poster13-19
2747,A01802,Poster16-16
2748,A01802,1-1-05
2749,A02426,Poster27-25
2750,A00543,Poster24-19
2751,A02428,Poster19-51
2752,A00543,14-19-06
2753,A02431,7-10-05
2754,A02432,Poster13-25
2755,A02432,Poster21-30
2756,A02432,Poster24-35
2757,A02432,Poster1-18
2758,A02435,20-3-03
2759,A02436,Poster27-40
2760,A02948,20-9-14
2761,A02617,6-3-06
2762,A02617,10-9-02
2763,A02441,3-2-15
2764,A02441,Poster18-05
2765,A02442,20-11-05
2766,A02442,Poster7-11
2767,A02442,Poster13-08
2768,A02442,20-11-06
2769,A00753,3-3-01
2770,A00753,3-2-16
2771,A00950,Poster23-27
2772,A02447,15-5-10
2773,A02449,Poster2-32
2774,A01068,19-4-08
2775,A02451,Poster13-06
2776,A01823,3-11-05
2777,A02454,3-4-08
2778,A03159,Poster4-38
2779,A01232,19-4-02
2780,A01232,Poster28-02
2781,A01232,Poster28-05
2782,A02458,13-6-06
2783,A01232,19-4-13
2784,A02461,Poster19-30
2785,A02461,5-9-06
2786,A02462,Poster11-44
2787,A02463,17-2-05
2788,A03931,Poster29-04
2789,A01772,Poster19-47
2790,A02466,10-3-01
2791,A01919,Poster2-30
2792,A02968,Poster25-16
2793,A03030,Poster3-24
2794,A01232,4-3-08
2795,A02471,7-12-01
2796,A01533,3-9-02
2797,A00667,Poster11-03
2798,A02034,Poster28-05
2799,A02971,Poster6-28
2800,A02680,14-7-15
2801,A02478,20-8-14
2802,A02479,15-6-13
2803,A02480,14-7-07
2804,A00704,18-12-03
2805,A02482,14-11-07
2806,A02484,7-7-06
2807,A02485,Poster6-11
2808,A02489,Poster12-10
2809,A02493,Poster2-04
2810,A02493,4-3-14
2811,A02495,Poster12-48
2812,A02495,Poster12-49
2813,A02495,Poster20-07
2814,A00804,Poster1-06
2815,A00804,Poster11-40
2816,A03111,20-1-04
2817,A02058,2-3-01
2818,A02058,2-3-02
2819,A02058,2-3-04
2820,A02524,1-4-05
2821,A02803,Poster26-26
2822,A02643,16-4-08
2823,A00372,Poster19-05
2824,A00372,Poster4-20
2825,A00372,Poster6-38
2826,A00372,7-5-06
2827,A00193,Poster22-25
2828,A00193,16-13-03
2829,A01954,Poster3-12
2830,A01229,Poster17-12
2831,A02564,9-1-16
2832,A01763,Poster20-29
2833,A02500,Poster11-07
2834,A02501,Poster17-35
2835,A03238,Poster2-38
2836,A02503,Poster12-49
2837,A02503,Poster12-50
2838,A02503,Poster12-48
2839,A02503,Poster20-07
2840,A02503,Poster17-36
2841,A02116,16-6-14
2842,A02732,11-4-08
2843,A01131,Poster21-09
2844,A02507,1-3-03
2845,A02507,Poster8-03
2846,A02507,1-2-05
2847,A02508,Poster8-03
2848,A02508,1-3-03
2849,A01707,14-20-07
2850,A02510,11-8-03
2851,A02510,3-2-06
2852,A02510,9-1-09
2853,A02510,3-8-10
2854,A02511,20-8-11
2855,A00438,18-2-10
2856,A02732,Poster8-06
2857,A02519,Poster24-29
2858,A02520,Poster27-05
2859,A02520,Poster5-10
2860,A02520,Poster11-19
2861,A00669,Poster1-06
2862,A02455,14-17-09
2863,A02522,Poster6-31
2864,A02732,Poster15-17
2865,A02732,Poster8-07
2866,A00623,Poster4-24
2867,A03058,7-15-02
2868,A02527,16-14-07
2869,A02527,16-14-06
2870,A02528,8-6-08
2871,A02528,10-8-04
2872,A03058,Poster21-37
2873,A00406,Poster17-01
2874,A01780,7-13-01
2875,A02533,Poster9-25
2876,A02535,14-15-05
2877,A02536,Poster12-50
2878,A02538,7-17-02
2879,A01348,16-6-02
2880,A02540,Poster22-15
2881,A02541,6-4-13
2882,A01780,7-16-12
2883,A02544,Poster22-02
2884,A02548,1-3-07
2885,A01459,Poster11-39
2886,A03398,14-17-04
2887,A01081,8-6-02
2888,A02302,12-2-02
2889,A01127,14-14-05
2890,A02553,Poster4-32
2891,A02554,13-1-02
2892,A01081,10-2-13
2893,A01127,Poster17-24
2894,A02558,12-4-01
2895,A02558,12-4-07
2896,A02558,3-8-01
2897,A02558,5-8-01
2898,A02877,7-9-07
2899,A01159,20-2-07
2900,A02565,13-3-04
2901,A02567,Poster14-08
2902,A02569,11-5-06
2903,A02569,3-1-03
2904,A02569,Poster23-42
2905,A02570,Poster23-40
2906,A02570,Poster23-42
2907,A02570,11-5-06
2908,A02219,Poster14-25
2909,A00064,Poster6-48
2910,A01654,15-4-14
2911,A02265,Poster10-06
2912,A00375,20-1-06
2913,A02576,7-15-05
2914,A01915,Poster12-28
2915,A01745,Poster12-25
2916,A02578,3-10-06
2917,A01976,13-1-04
2918,A00241,Poster20-05
2919,A00241,14-9-04
2920,A02590,7-4-01
2921,A00241,3-8-16
2922,A00629,4-2-08
2923,A02593,Poster15-02
2924,A02594,5-9-06
2925,A02596,Poster1-05
2926,A02597,4-3-09
2927,A02598,1-4-07
2928,A02600,Poster6-35
2929,A02602,10-9-04
2930,A02603,10-9-02
2931,A02605,3-5-06
2932,A02605,20-5-04
2933,A00629,Poster21-13
2934,A00629,Poster21-07
2935,A02610,7-3-12
2936,A02611,14-15-09
2937,A02612,Poster24-34
2938,A01354,Poster15-21
2939,A02614,14-6-07
2940,A02614,14-13-03
2941,A02615,Poster6-27
2942,A02618,14-13-06
2943,A02620,Poster11-32
2944,A00099,16-8-07
2945,A02623,20-9-10
2946,A02624,16-2-12
2947,A02625,18-10-06
2948,A02626,3-7-05
2949,A02628,16-11-05
2950,A02628,Poster23-23
2951,A02630,20-10-13
2952,A02631,11-7-06
2953,A02632,14-13-03
2954,A02634,15-6-14
2955,A02637,5-2-04
2956,A02608,Poster3-21
2957,A01432,15-2-02
2958,A00924,16-9-07
2959,A00787,7-13-08
2960,A02228,1-2-06
2961,A01318,Poster11-27
2962,A01318,Poster12-13
2963,A00217,11-4-04
2964,A02639,Poster17-39
2965,A00210,7-17-01
2966,A02642,13-6-08
2967,A00210,7-17-03
2968,A02644,13-5-04
2969,A00217,Poster14-04
2970,A02648,15-3-11
2971,A01973,20-8-07
2972,A02650,Poster15-24
2973,A01303,11-6-02
2974,A01750,Poster15-07
2975,A01474,Poster13-05
2976,A01474,Poster16-40
2977,A00957,Poster29-12
2978,A02659,20-5-14
2979,A02659,13-10-08
2980,A02893,Poster19-38
2981,A00104,9-1-13
2982,A02667,12-2-08
2983,A01324,16-15-15
2984,A03428,20-8-14
2985,A00288,4-2-02
2986,A01259,Poster4-11
2987,A02176,12-3-01
2988,A02674,7-16-06
2989,A02674,8-4-07
2990,A02674,Poster27-08
2991,A02674,Poster27-15
2992,A02674,Poster27-16
2993,A02674,Poster27-09
2994,A02674,Poster14-17
2995,A02674,Poster14-31
2996,A02678,Poster4-06
2997,A01327,14-8-02
2998,A02682,6-1-05
2999,A02683,Poster16-34
3000,A02684,15-1-02
3001,A01494,Poster11-09
3002,A03109,14-17-15
3003,A02687,14-17-08
3004,A03109,14-15-13
3005,A01907,15-3-10
3006,A02884,Poster15-34
3007,A02691,Poster17-32
3008,A01775,19-1-07
3009,A01775,Poster19-01
3010,A02695,16-6-15
3011,A02698,14-8-03
3012,A02702,15-1-13
3013,A02702,Poster23-25
3014,A02702,Poster26-32
3015,A02702,13-2-08
3016,A02703,Poster5-12
3017,A02703,Poster5-13
3018,A00661,4-2-08
3019,A02706,Poster2-03
3020,A02706,Poster6-15
3021,A00661,Poster2-23
3022,A00661,Poster21-07
3023,A02708,Poster27-35
3024,A02708,Poster27-37
3025,A02710,10-2-08
3026,A02710,10-2-07
3027,A00060,Poster18-15
3028,A02713,19-3-02
3029,A02714,Poster29-17
3030,A02714,Poster3-26
3031,A02718,Poster20-07
3032,A02718,Poster12-48
3033,A02719,19-3-06
3034,A01624,5-1-04
3035,A00661,Poster21-13
3036,A02721,19-3-07
3037,A00661,Poster7-01
3038,A01301,Poster6-30
3039,A00661,14-15-14
3040,A00123,13-1-01
3041,A00545,14-22-04
3042,A02728,Poster3-26
3043,A00123,2-1-06
3044,A00545,14-17-09
3045,A00545,16-12-15
3046,A00545,13-7-08
3047,A03022,Poster19-44
3048,A02733,Poster3-18
3049,A00123,Poster17-02
3050,A00123,Poster17-48
3051,A02736,Poster14-13
3052,A02736,Poster11-21
3053,A02736,Poster14-35
3054,A00337,3-2-12
3055,A02427,3-4-07
3056,A01825,14-13-02
3057,A02744,Poster29-27
3058,A02747,6-1-09
3059,A02749,19-2-02
3060,A01261,Poster23-03
3061,A01261,Poster23-07
3062,A02752,Poster6-15
3063,A02752,Poster2-03
3064,A02160,16-12-02
3065,A02160,16-2-09
3066,A00206,10-5-02
3067,A00206,10-7-07
3068,A00206,10-2-16
3069,A02760,20-5-07
3070,A02760,13-10-07
3071,A02760,Poster19-55
3072,A02760,11-5-03
3073,A02760,6-1-14
3074,A01825,14-13-07
3075,A02764,4-3-07
3076,A02765,Poster13-09
3077,A02767,Poster14-29
3078,A01956,4-3-15
3079,A01602,16-12-16
3080,A00413,10-8-05
3081,A02771,15-5-05
3082,A01893,16-12-09
3083,A00930,13-3-08
3084,A02575,2-2-07
3085,A02773,2-1-08
3086,A02773,Poster19-22
3087,A02773,Poster6-31
3088,A02773,8-3-15
3089,A00513,8-1-01
3090,A00513,3-3-05
3091,A00513,Poster6-26
3092,A00513,Poster2-37
3093,A00554,5-4-02
3094,A02647,7-2-05
3095,A02901,12-4-03
3096,A01263,19-4-04
3097,A03122,13-8-03
3098,A02774,14-13-04
3099,A02774,Poster21-12
3100,A02774,Poster24-29
3101,A02774,14-21-04
3102,A02775,14-9-13
3103,A00629,Poster2-23
3104,A00629,Poster7-01
3105,A00629,14-15-14
3106,A01375,9-1-11
3107,A02089,Poster5-38
3108,A02487,3-2-14
3109,A00589,14-20-07
3110,A01972,Poster10-08
3111,A02782,Poster1-19
3112,A02783,16-13-04
3113,A03035,19-4-10
3114,A00083,10-6-05
3115,A02794,Poster6-42
3116,A02787,Poster26-10
3117,A02787,16-16-07
3118,A00589,Poster25-04
3119,A02789,Poster4-34
3120,A02790,Poster15-11
3121,A00589,15-2-04
3122,A02792,Poster8-05
3123,A02795,Poster21-28
3124,A00589,14-21-08
3125,A02693,19-2-03
3126,A01883,7-14-10
3127,A02798,Poster9-28
3128,A02798,Poster9-29
3129,A02798,Poster9-30
3130,A02798,Poster9-31
3131,A00083,10-1-08
3132,A00083,8-3-02
3133,A01883,7-14-11
3134,A01827,3-6-03
3135,A02800,1-1-06
3136,A02801,13-7-06
3137,A02802,6-1-02
3138,A02802,6-2-05
3139,A00515,Poster11-08
3140,A01501,Poster27-04
3141,A02805,7-12-04
3142,A00994,14-14-06
3143,A01501,Poster5-16
3144,A03116,Poster18-28
3145,A00121,Poster16-29
3146,A02809,7-6-02
3147,A02080,17-1-07
3148,A00121,14-19-06
3149,A02813,13-2-08
3150,A01873,13-3-02
3151,A02816,Poster6-47
3152,A02817,16-17-06
3153,A02818,Poster29-28
3154,A02819,Poster22-26
3155,A02822,7-14-08
3156,A02822,5-2-02
3157,A02822,7-5-01
3158,A02825,14-19-01
3159,A02825,14-19-07
3160,A02825,Poster11-28
3161,A02825,Poster15-06
3162,A02825,Poster15-08
3163,A02825,11-5-05
3164,A02825,11-5-08
3165,A02825,Poster15-12
3166,A02826,Poster10-10
3167,A02826,Poster26-17
3168,A01990,11-7-02
3169,A01998,7-8-06
3170,A02829,16-16-03
3171,A02829,6-1-09
3172,A02829,Poster22-26
3173,A02830,5-9-07
3174,A02831,4-1-04
3175,A02832,20-9-05
3176,A02833,Poster4-31
3177,A02834,Poster2-36
3178,A02835,18-3-07
3179,A01990,Poster1-09
3180,A01227,Poster5-25
3181,A02837,14-18-01
3182,A02377,18-9-05
3183,A02839,15-6-10
3184,A01990,Poster7-16
3185,A02841,7-11-08
3186,A02841,7-11-07
3187,A02843,15-2-07
3188,A02844,7-15-08
3189,A02846,1-1-04
3190,A02848,13-3-14
3191,A02159,2-3-03
3192,A02850,5-2-06
3193,A02851,Poster23-18
3194,A02852,Poster17-52
3195,A00032,4-2-03
3196,A03012,Poster3-06
3197,A03044,18-2-16
3198,A02390,14-7-08
3199,A02102,7-2-02
3200,A02864,Poster23-42
3201,A02864,Poster23-40
3202,A02864,11-5-06
3203,A02865,14-22-02
3204,A02867,Poster14-36
3205,A02102,16-5-06
3206,A02870,Poster9-34
3207,A02872,Poster4-35
3208,A02874,4-2-05
3209,A00954,Poster10-06
3210,A02878,14-7-03
3211,A02879,20-6-01
3212,A00954,9-1-12
3213,A02881,Poster18-09
3214,A02881,Poster18-10
3215,A02881,3-10-06
3216,A02881,Poster21-30
3217,A02881,Poster24-35
3218,A02885,16-15-04
3219,A02886,Poster21-31
3220,A02888,13-5-03
3221,A02889,5-9-01
3222,A02889,PS2-01
3223,A02894,7-5-05
3224,A02894,10-2-15
3225,A02894,Poster7-22
3226,A02894,10-4-07
3227,A02894,Poster14-24
3228,A02899,Poster16-30
3229,A03253,Poster25-19
3230,A01314,14-2-03
3231,A02897,10-3-03
3232,A02131,8-3-03
3233,A00970,10-8-04
3234,A00970,Poster7-03
3235,A01205,Poster26-14
3236,A00638,14-6-01
3237,A00638,10-9-08
3238,A00442,7-11-04
3239,A01113,18-11-01
3240,A02575,Poster1-04
3241,A00454,3-3-01
3242,A02906,14-22-03
3243,A00454,Poster24-02
3244,A01983,Poster5-04
3245,A00596,3-3-04
3246,A00596,Poster11-18
3247,A00596,Poster7-02
3248,A00454,Poster1-12
3249,A01935,18-12-06
3250,A02111,Poster23-35
3251,A02577,11-3-04
3252,A03127,Poster26-12
3253,A00093,7-7-01
3254,A02577,5-5-04
3255,A00093,7-7-02
3256,A02919,20-8-04
3257,A02919,Poster29-03
3258,A01461,16-3-06
3259,A02921,10-7-01
3260,A02922,20-9-06
3261,A01220,Poster16-02
3262,A00918,15-1-15
3263,A02925,Poster12-17
3264,A02926,Poster4-09
3265,A01078,14-10-06
3266,A02928,11-8-05
3267,A02928,Poster4-29
3268,A00093,7-7-03
3269,A02930,12-5-03
3270,A02931,10-6-07
3271,A02932,4-4-03
3272,A02932,4-4-01
3273,A02932,4-4-04
3274,A02933,7-16-14
3275,A02934,14-4-11
3276,A01511,Poster25-26
3277,A02936,10-7-08
3278,A02936,11-6-05
3279,A02936,14-4-14
3280,A02937,7-6-03
3281,A02938,Poster29-03
3282,A02938,20-8-04
3283,A01793,Poster19-42
3284,A02940,Poster9-35
3285,A02940,7-6-03
3286,A02267,11-7-02
3287,A02267,Poster27-31
3288,A00816,3-11-07
3289,A00093,Poster19-14
3290,A01793,Poster11-15
3291,A02947,16-13-05
3292,A01793,Poster2-14
3293,A02950,Poster16-08
3294,A02950,1-2-07
3295,A01858,Poster6-12
3296,A02952,18-5-04
3297,A01858,18-4-14
3298,A00725,16-9-02
3299,A01365,Poster19-22
3300,A00469,14-17-10
3301,A01943,Poster24-14
3302,A01943,Poster24-13
3303,A01793,20-11-07
3304,A01124,7-17-04
3305,A01124,7-2-04
3306,A02420,Poster4-07
3307,A01124,7-9-05
3308,A02959,Poster29-01
3309,A02959,3-4-14
3310,A02959,14-13-12
3311,A02506,20-8-15
3312,A02961,Poster15-26
3313,A02961,Poster3-16
3314,A02072,Poster9-16
3315,A01124,Poster27-32
3316,A01124,Poster27-33
3317,A02965,Poster6-25
3318,A02966,17-3-03
3319,A02966,Poster27-38
3320,A02967,6-1-11
3321,A02967,Poster25-22
3322,A02967,12-3-03
3323,A02967,15-6-07
3324,A02967,Poster29-12
3325,A01124,7-1-08
3326,A01124,7-3-16
3327,A02970,14-6-03
3328,A02972,18-10-02
3329,A02972,7-14-08
3330,A02973,Poster19-41
3331,A01713,Poster5-23
3332,A01713,Poster19-35
3333,A02976,7-16-05
3334,A02977,12-4-07
3335,A02977,12-4-01
3336,A02977,12-4-03
3337,A02977,12-1-03
3338,A02977,5-8-01
3339,A02977,12-1-02
3340,A00059,8-6-07
3341,A03048,Poster1-08
3342,A00794,14-23-07
3343,A01498,Poster24-12
3344,A00662,14-23-05
3345,A00915,18-6-01
3346,A00915,18-6-05
3347,A00915,18-7-07
3348,A00915,4-5-08
3349,A00487,Poster22-19
3350,A02987,10-7-02
3351,A02988,16-16-05
3352,A02988,13-5-07
3353,A02988,8-1-07
3354,A02989,18-2-13
3355,A02990,7-8-14
3356,A02992,5-3-07
3357,A01693,Poster2-18
3358,A02994,13-10-08
3359,A02994,20-5-14
3360,A02297,10-1-07
3361,A02297,Poster7-02
3362,A02297,Poster11-15
3363,A02999,16-1-03
3364,A02297,Poster11-18
3365,A03002,3-9-03
3366,A03003,Poster24-38
3367,A02297,Poster7-28
3368,A02297,10-2-07
3369,A02297,10-2-08
3370,A02297,10-2-09
3371,A00316,Poster16-37
3372,A03007,Poster26-29
3373,A00316,Poster16-11
3374,A03009,10-7-10
3375,A00316,Poster16-35
3376,A01584,Poster19-09
3377,A03014,14-17-12
3378,A01481,Poster20-04
3379,A03016,Poster19-49
3380,A03016,Poster19-09
3381,A03016,Poster3-39
3382,A03017,18-8-08
3383,A02062,20-10-07
3384,A03019,3-8-14
3385,A03020,20-9-11
3386,A00605,13-3-10
3387,A03024,11-6-03
3388,A03025,17-2-14
3389,A02062,20-10-08
3390,A03028,Poster15-03
3391,A03029,Poster25-12
3392,A01773,13-10-01
3393,A00297,Poster11-16
3394,A01538,Poster22-01
3395,A00484,5-8-02
3396,A03148,3-4-11
3397,A03883,3-2-12
3398,A02882,Poster6-44
3399,A02882,7-1-10
3400,A01226,16-15-07
3401,A03938,7-6-07
3402,A00424,15-3-12
3403,A02915,Poster19-54
3404,A01098,16-17-02
3405,A00676,7-13-01
3406,A00676,5-8-04
3407,A00352,14-19-08
3408,A01457,Poster4-21
3409,A03033,Poster27-12
3410,A03034,16-16-01
3411,A03034,Poster26-27
3412,A03034,8-4-05
3413,A02156,9-1-09
3414,A00959,7-3-16
3415,A03038,11-5-07
3416,A00601,7-14-09
3417,A03041,19-4-01
3418,A03043,Poster3-23
3419,A02156,3-8-10
3420,A02993,Poster17-40
3421,A01762,Poster25-30
3422,A03047,Poster15-10
3423,A03049,Poster13-08
3424,A03049,20-11-05
3425,A03050,Poster5-39
3426,A03051,Poster15-11
3427,A03052,Poster25-18
3428,A03053,18-2-03
3429,A02012,18-8-07
3430,A02386,Poster11-20
3431,A03056,14-7-10
3432,A03056,Poster16-10
3433,A02153,2-3-04
3434,A01343,20-5-05
3435,A02386,Poster11-37
3436,A00331,Poster25-08
3437,A00819,Poster6-37
3438,A02173,20-4-01
3439,A02345,7-4-03
3440,A03252,11-2-04
3441,A03061,14-17-03
3442,A03062,Poster23-07
3443,A03063,Poster11-10
3444,A03063,14-17-03
3445,A03066,Poster28-03
3446,A00921,16-6-04
3447,A03068,Poster29-20
3448,A03069,11-2-03
3449,A01309,Poster25-01
3450,A03072,Poster19-45
3451,A03073,11-1-05
3452,A03073,11-1-01
3453,A03075,7-15-02
3454,A03075,Poster16-17
3455,A03075,Poster21-37
3456,A03076,4-4-05
3457,A01320,Poster25-09
3458,A02030,Poster3-04
3459,A03080,13-7-14
3460,A03080,14-10-08
3461,A03080,13-7-12
3462,A03081,Poster6-29
3463,A00645,Poster21-16
3464,A03083,Poster18-29
3465,A03084,10-3-03
3466,A03084,Poster11-11
3467,A03085,16-15-06
3468,A03086,Poster29-21
3469,A01183,Poster12-31
3470,A03092,Poster17-44
3471,A00035,7-2-04
3472,A01231,Poster12-07
3473,A02991,18-2-15
3474,A02513,Poster21-26
3475,A03102,Poster17-46
3476,A00078,14-8-01
3477,A00078,14-8-04
3478,A00078,Poster19-42
3479,A03106,2-2-06
3480,A00078,20-9-13
3481,A00284,7-5-02
3482,A03108,Poster16-17
3483,A03108,Poster21-37
3484,A03108,7-15-02
3485,A03112,15-2-14
3486,A03113,Poster16-27
3487,A03115,Poster5-10
3488,A03118,8-4-05
3489,A03119,20-5-04
3490,A01882,7-5-09
3491,A03126,14-3-04
3492,A03130,Poster1-21
3493,A03132,Poster14-10
3494,A03133,11-7-04
3495,A03133,18-13-02
3496,A03137,8-6-01
3497,A02797,Poster9-31
3498,A02797,Poster9-28
3499,A02797,Poster9-29
3500,A03141,5-9-05
3501,A03141,Poster19-39
3502,A03141,5-2-02
3503,A03143,14-15-13
3504,A03143,14-17-15
3505,A03144,Poster23-22
3506,A03144,Poster23-44
3507,A03147,7-18-05
3508,A03149,7-15-06
3509,A03150,Poster27-04
3510,A03150,Poster6-21
3511,A03150,Poster17-50
3512,A03151,5-6-06
3513,A03153,Poster1-21
3514,A03156,15-6-16
3515,A03161,6-1-07
3516,A03165,Poster16-15
3517,A03167,Poster17-51
3518,A03167,Poster19-50
3519,A03169,Poster2-20
3520,A03170,Poster7-22
3521,A03170,Poster14-24
3522,A03172,14-3-06
3523,A03172,14-22-06
3524,A03173,13-2-08
3525,A03173,Poster26-32
3526,A03173,Poster23-25
3527,A03174,Poster26-35
3528,A00744,7-3-07
3529,A02633,16-12-11
3530,A00052,3-10-03
3531,A03057,7-15-02
3532,A03129,Poster16-10
3533,A02352,4-2-07
3534,A02352,Poster2-40
3535,A03186,Poster21-39
3536,A03186,Poster4-37
3537,A03187,Poster4-18
3538,A03188,14-4-13
3539,A03189,Poster18-32
3540,A03190,Poster6-22
3541,A03191,8-6-05
3542,A03192,15-2-11
3543,A03194,14-14-06
3544,A03057,Poster16-17
3545,A03196,14-20-08
3546,A03198,Poster6-24
3547,A03198,Poster10-01
3548,A03199,Poster10-02
3549,A03200,Poster6-24
3550,A03203,Poster11-12
3551,A03204,Poster10-03
3552,A00630,4-2-08
3553,A03206,Poster10-13
3554,A02690,Poster17-49
3555,A03057,Poster21-37
3556,A03211,8-2-01
3557,A03211,8-2-02
3558,A00426,Poster20-21
3559,A03213,Poster6-23
3560,A00630,Poster21-07
3561,A00630,Poster21-13
3562,A00630,Poster2-23
3563,A00630,14-15-14
3564,A00895,Poster1-15
3565,A03217,7-4-01
3566,A00879,14-17-06
3567,A00879,Poster25-17
3568,A03221,7-8-10
3569,A03222,14-5-05
3570,A03222,10-7-03
3571,A03224,A-F-01
3572,A03224,7-13-07
3573,A03224,Poster18-10
3574,A03226,13-9-06
3575,A03227,16-15-05
3576,A00879,14-17-11
3577,A01936,6-2-06
3578,A03229,7-12-05
3579,A03231,14-2-02
3580,A03232,Poster20-34
3581,A01545,Poster15-01
3582,A03235,15-1-09
3583,A02284,8-5-01
3584,A01605,2-3-07
3585,A03240,1-4-08
3586,A03241,Poster20-32
3587,A02392,14-16-06
3588,A03248,2-4-08
3589,A03249,10-8-07
3590,A03250,Poster23-45
3591,A03250,Poster23-44
3592,A03251,2-4-05
3593,A03162,Poster20-11
3594,A03254,14-21-02
3595,A03255,Poster20-18
3596,A03256,15-6-09
3597,A02284,8-5-06
3598,A03259,16-13-06
3599,A00619,13-10-03
3600,A02279,7-2-04
3601,A03265,17-4-04
3602,A02279,Poster15-15
3603,A03268,3-6-07
3604,A03269,11-4-01
3605,A03270,18-13-08
3606,A03271,5-7-02
3607,A01488,Poster22-10
3608,A01488,16-6-10
3609,A00246,7-15-03
3610,A01982,Poster27-07
3611,A03274,14-12-08
3612,A03275,Poster8-14
3613,A03275,Poster1-16
3614,A03276,15-6-08
3615,A03277,3-11-06
3616,A00619,13-10-04
3617,A03280,Poster5-26
3618,A01982,10-3-04
3619,A03283,6-3-04
3620,A03283,Poster25-32
3621,A03292,10-1-02
3622,A03296,Poster29-25
3623,A03310,14-8-06
3624,A03313,A-ICE-06
3625,A03314,A-ICE-01
3626,A03314,11-7-08
3627,A01605,Poster14-38
3628,A03319,A-ICE-03
3629,A03321,Poster13-26
3630,A03326,A-ICE-04
3631,A03326,3-5-01
3632,A03326,20-10-14
3633,A03344,14-9-01
3634,A03344,14-9-02
3635,A01925,Poster18-24
3636,A00650,7-6-05
3637,A03367,14-9-11
3638,A03367,Poster14-13
3639,A00650,19-4-11
3640,A01167,1-2-07
3641,A03146,18-1-02
3642,A01674,Poster5-36
3643,A01167,Poster21-23
3644,A03429,14-15-12
3645,A03429,Poster27-13
3646,A03429,Poster27-14
3647,A03444,20-8-14
3648,A03450,Poster17-51
3649,A03450,18-1-02
3650,A03450,18-9-03
3651,A03450,Poster19-50
3652,A03454,6-4-10
3653,A03458,14-6-05
3654,A03460,14-2-10
3655,A03467,Poster27-21
3656,A03468,Poster27-21
3657,A03468,4-3-13
3658,A03475,20-9-15
3659,A02119,Poster27-29
3660,A01253,Poster5-09
3661,A01984,Poster25-20
3662,A03481,20-8-08
3663,A03488,17-2-09
3664,A03498,20-8-05
3665,A03509,14-21-02
3666,A03531,20-4-05
3667,A03536,7-12-15
3668,A02246,20-9-09
3669,A03550,20-4-05
3670,A03552,3-1-01
3671,A03556,Poster23-18
3672,A01535,4-3-12
3673,A03586,18-4-12
3674,A03586,Poster12-01
3675,A03586,Poster12-03
3676,A03586,18-4-01
3677,A02086,16-3-04
3678,A02086,Poster6-18
3679,A02086,Poster22-03
3680,A01487,14-10-14
3681,A02119,Poster3-31
3682,A01556,Poster3-40
3683,A01556,5-4-02
3684,A00963,Poster13-02
3685,A01504,Poster5-11
3686,A00061,15-6-06
3687,A03616,7-8-12
3688,A00061,19-4-14
3689,A03656,7-5-02
3690,A03656,Poster24-33
3691,A03659,Poster26-05
3692,A02457,20-7-02
3693,A01218,19-1-08
3694,A01504,5-3-02
3695,A03724,14-9-12
3696,A03724,Poster2-04
3697,A03724,3-4-12
3698,A03724,4-3-14
3699,A03750,3-4-05
3700,A01300,19-3-03
3701,A03765,14-19-02
3702,A01300,19-4-09
3703,A01300,Poster26-15
3704,A03796,Poster12-54
3705,A03796,Poster15-07
3706,A03808,Poster12-12
3707,A03808,Poster19-13
3708,A03808,Poster12-03
3709,A03819,PS1-01
3710,A01300,16-6-09
3711,A02276,12-5-04
3712,A02276,14-15-07
3713,A03841,Poster13-20
3714,A02474,17-5-02
3715,A03876,Poster25-25
3716,A03877,19-4-13
3717,A03877,Poster28-02
3718,A03877,Poster28-05
3719,A03882,Poster24-07
3720,A02036,Poster1-02
3721,A03885,3-8-03
3722,A03936,18-9-02
3723,A03936,7-18-07
3724,A03936,7-14-14
3725,A03936,Poster14-20
3726,A03936,Poster7-07
3727,A03966,Poster17-39
3728,A03985,10-3-07
3729,A00354,Poster2-10
3730,A01503,Poster12-24
3731,A00874,7-6-07
3732,A00499,15-2-05
3733,A00354,7-14-02
3734,A00874,Poster17-33
3735,A03595,14-17-03
3736,A01927,17-6-04
3737,A03595,Poster11-10
3738,A00323,14-1-02
3739,A01618,Poster6-03
3740,A03595,Poster7-35
3741,A03595,6-1-15
3742,A00616,19-1-03
3743,A00616,18-7-03
3744,A00616,18-8-04
3745,A00892,Poster27-36
3746,A02138,8-2-06
3747,A00925,14-20-05
3748,A00196,13-4-01
3749,A02469,16-2-07
3750,A01788,20-5-13
3751,A01788,7-10-14
3752,A01618,Poster14-38
3753,A02180,Poster9-21
3754,A02180,Poster9-08
3755,A00886,Poster15-13
3756,A01368,Poster14-39
3757,A02263,Poster1-03
3758,A01797,7-1-05
3759,A01257,Poster2-25
3760,A01859,16-15-14
3761,A02496,Poster27-32
3762,A01562,Poster5-19
3763,A03820,PS3-01
3764,A02448,Poster11-36
3765,A03093,15-2-14
3766,A01388,Poster2-31
3767,A01189,Poster13-11
3768,A01189,Poster13-10
3769,A01189,Poster13-15
3770,A01109,16-17-01
3771,A00929,7-10-09
3772,A00674,Poster27-27
3773,A01358,18-7-07
3774,A02763,Poster7-21
3775,A01709,Poster25-04
3776,A01210,11-5-02
3777,A01210,7-1-05
3778,A03878,Poster20-20
3779,A00599,17-4-02
3780,A01118,15-5-14
3781,A02751,13-10-06
3782,A02751,13-7-13
3783,A00985,7-9-02
3784,A00859,7-17-04
3785,A00602,17-5-11
3786,A03097,Poster6-46
3787,A03097,Poster6-16
3788,A01516,Poster15-04
3789,A01813,14-17-04
3790,A00455,Poster11-15
3791,A00455,Poster11-18
3792,A00455,10-2-09
3793,A01414,20-1-03
3794,A00904,Poster24-29
3795,A02875,14-21-04
3796,A00732,Poster16-25
3797,A01117,Poster9-27
3798,A03821,PS4-01
3799,A00461,Poster29-19
3800,A00461,Poster20-28
3801,A00461,Poster13-29
3802,A00461,Poster20-10
3803,A00634,Poster3-09
3804,A02720,10-1-05
3805,A02720,Poster11-08
3806,A02720,Poster11-09
3807,A02720,Poster11-37
3808,A02720,10-2-15
3809,A01815,3-5-06
3810,A00326,14-12-02
3811,A00326,14-12-05
3812,A00326,3-2-12
3813,A02342,Poster26-06
3814,A00943,8-1-04
3815,A00844,16-4-03
3816,A00155,10-5-05
3817,A02711,Poster1-18
3818,A02711,Poster18-09
3819,A02711,Poster9-34
3820,A02711,Poster13-25
3821,A02711,Poster21-30
3822,A02711,Poster24-35
3823,A00992,Poster5-32
3824,A00579,20-4-04
3825,A00507,14-6-02
3826,A02627,20-8-06
3827,A03039,Poster5-34
3828,A03117,Poster12-45
3829,A02475,Poster6-10
3830,A01947,Poster6-04
3831,A00572,10-2-11
3832,A00181,Poster1-13
3833,A00181,Poster10-04
3834,A02231,Poster22-30
3835,A02354,Poster3-16
3836,A01616,Poster17-11
3837,A01616,17-5-11
3838,A00780,4-5-07
3839,A01136,12-1-03
3840,A00565,7-6-05
3841,A00565,20-2-05
3842,A00186,Poster14-26
3843,A01580,Poster25-13
3844,A00085,15-2-10
3845,A00085,15-2-12
3846,A00085,15-3-16
3847,A00585,5-1-06
3848,A02383,16-3-05
3849,A02047,Poster27-14
3850,A01136,Poster20-19
3851,A01662,16-14-05
3852,A00675,Poster7-01
3853,A02657,6-4-07
3854,A00400,Poster2-22
3855,A00158,20-9-16
3856,A03261,17-5-13
3857,A01987,Poster9-13
3858,A00907,8-5-08
3859,A00715,Poster24-41
3860,A02075,Poster14-24
3861,A02075,10-4-07
3862,A01357,7-12-02
3863,A02340,Poster17-41
3864,A00648,6-2-05
3865,A02225,2-1-02
3866,A00574,16-5-04
3867,A00441,18-11-03
3868,A02225,8-4-06
3869,A00926,16-6-05
3870,A00926,16-17-02
3871,A00926,16-17-03
3872,A00926,16-6-14
3873,A00926,16-7-07
3874,A02941,Poster18-10
3875,A02941,3-8-11
3876,A00913,Poster9-07
3877,A02788,Poster19-40
3878,A00847,10-8-02
3879,A02531,Poster25-17
3880,A02649,Poster4-16
3881,A02295,16-11-08
3882,A02784,Poster12-42
3883,A02913,Poster22-20
3884,A00502,16-3-02
3885,A00502,10-2-09
3886,A01623,8-7-07
3887,A02784,Poster12-41
3888,A01628,16-4-06
3889,A01137,Poster7-05
3890,A01110,Poster6-21
3891,A01110,18-8-06
3892,A02157,13-4-04
3893,A02225,Poster22-16
3894,A00862,Poster17-14
3895,A00862,Poster9-24
3896,A02621,7-3-11
3897,A01037,Poster12-51
3898,A02604,Poster6-16
3899,A00368,16-12-02
3900,A00368,16-2-08
3901,A03775,Poster19-31
3902,A02225,Poster15-11
3903,A02604,Poster6-46
3904,A02225,Poster22-15
3905,A02526,14-9-10
3906,A00343,Poster25-32
3907,A00802,Poster27-29
3908,A03138,14-20-04
3909,A00092,Poster10-15
3910,A00092,20-8-02
3911,A02168,14-7-14
3912,A01289,Poster2-09
3913,A00201,14-9-08
3914,A00961,Poster7-34
3915,A00802,Poster17-15
3916,A00081,15-3-13
3917,A00118,17-2-01
3918,A00118,17-2-06
3919,A02016,Poster20-22
3920,A01841,15-6-04
3921,A01359,10-1-02
3922,A02225,Poster22-21
3923,A00984,20-10-10
3924,A00120,7-8-09
3925,A00989,Poster17-08
3926,A01187,Poster15-22
3927,A00047,12-3-02
3928,A01145,Poster20-01
3929,A01778,20-6-04
3930,A01974,Poster13-04
3931,A00432,5-1-02
3932,A02121,Poster29-24
3933,A00129,Poster11-24
3934,A01022,3-2-05
3935,A02662,11-4-02
3936,A01008,Poster24-24
3937,A02278,Poster5-20
3938,A01053,Poster19-52
3939,A00056,Poster3-36
3940,A01417,3-1-03
3941,A01417,11-5-06
3942,A01417,Poster23-31
3943,A01417,Poster23-42
3944,A01417,Poster23-40
3945,A01417,Poster15-31
3946,A02791,Poster29-18
3947,A01151,8-2-07
3948,A00342,17-2-10
3949,A01874,Poster14-32
3950,A00548,Poster19-02
3951,A00548,Poster29-12
3952,A00215,Poster23-23
3953,A00604,Poster14-16
3954,A00604,7-14-09
3955,A00544,17-2-06
3956,A00544,17-2-07
3957,A02808,20-5-12
3958,A00883,9-1-04
3959,A02171,14-2-08
3960,A00769,18-12-01
3961,A00711,Poster26-25
3962,A01342,3-4-06
3963,A00758,17-5-05
3964,A03279,16-8-01
3965,A02806,14-12-01
3966,A02806,Poster16-38
3967,A02927,14-9-09
3968,A01730,14-21-08
3969,A02665,Poster20-06
3970,A01851,8-2-02
3971,A01420,13-6-04
3972,A02836,Poster4-17
3973,A02836,15-2-09
3974,A02182,16-2-14
3975,A00097,Poster11-22
3976,A00555,14-1-08
3977,A03228,3-7-08
3978,A03228,3-2-01
3979,A03099,Poster26-33
3980,A00581,17-2-03
3981,A02210,Poster6-07
3982,A01168,20-1-05
3983,A01168,1-2-07
3984,A01168,Poster21-23
3985,A02962,2-1-07
3986,A00156,10-5-06
3987,A03097,15-2-05
3988,A00392,14-21-05
3989,A00392,14-10-10
3990,A01610,Poster7-25
3991,A01367,Poster27-43
3992,A02707,11-4-08
3993,A00837,13-4-08
3994,A01165,11-6-06
3995,A03071,20-4-03
3996,A02006,Poster9-22
3997,A02707,Poster15-17
3998,A00169,Poster29-01
3999,A00169,3-4-14
4000,A01349,18-1-04
4001,A00131,14-9-01
4002,A00588,19-1-06
4003,A00588,Poster2-25
4004,A01349,18-6-08
4005,A01367,14-7-12
4006,A00563,3-6-01
4007,A00563,3-4-13
4008,A00563,3-4-14
4009,A02592,18-7-05
4010,A02592,18-9-04
4011,A01043,Poster7-31
4012,A02982,3-10-06
4013,A03767,20-8-01
4014,A02982,Poster18-09
4015,A00782,Poster25-23
4016,A02041,7-9-05
4017,A02238,20-9-04
4018,A03000,Poster17-40
4019,A00514,11-6-01
4020,A02022,18-3-03
4021,A01531,Poster27-25
4022,A02022,Poster12-45
4023,A00567,11-4-05
4024,A00567,Poster15-17
4025,A00567,16-15-11
4026,A00928,13-3-15
4027,A01493,3-9-05
4028,A02568,3-5-07
4029,A00126,Poster4-01
4030,A00378,12-2-07
4031,A02580,10-3-05
4032,A02078,13-3-06
4033,A01106,Poster21-25
4034,A00614,Poster5-28
4035,A00614,14-10-01
4036,A00777,14-9-16
4037,A00777,14-22-01
4038,A00777,Poster19-15
4039,A00614,14-10-05
4040,A00614,14-10-08
4041,A02070,Poster3-11
4042,A02607,Poster12-37
4043,A02607,Poster12-34
4044,A00243,12-5-08
4045,A00020,5-6-01
4046,A00020,18-2-08
4047,A02070,Poster3-24
4048,A00811,20-10-09
4049,A00485,15-4-10
4050,A00058,4-3-01
4051,A01366,20-6-03
4052,A00860,15-4-07
4053,A00838,Poster3-10
4054,A00380,18-5-01
4055,A00380,7-4-07
4056,A00380,7-4-08
4057,A03180,14-17-13
4058,A00058,4-3-05
4059,A00867,18-6-02
4060,A00867,Poster12-29
4061,A01980,Poster23-38
4062,A02379,Poster24-25
4063,A00672,Poster26-13
4064,A00036,Poster27-24
4065,A01238,13-10-02
4066,A00451,13-10-03
4067,A00451,13-10-04
4068,A00451,16-10-02
4069,A00451,6-1-13
4070,A02935,Poster27-39
4071,A03219,Poster7-13
4072,A02465,Poster19-29
4073,A00391,2-3-06
4074,A03345,16-15-09
4075,A03345,16-15-16
4076,A02880,Poster6-43
4077,A01830,20-5-03
4078,A01224,16-17-03
4079,A00739,7-2-05
4080,A00739,Poster7-12
4081,A00739,7-18-06
4082,A00739,10-9-06
4083,A02669,17-5-12
4084,A01636,Poster27-01
4085,A01636,16-2-14
4086,A01636,16-2-15
4087,A01636,2-5-08
4088,A02108,18-5-01
4089,A02108,18-1-01
4090,A02108,18-7-03
4091,A02108,17-3-06
4092,A02108,7-12-06
4093,A02108,7-5-07
4094,A02370,18-12-06
4095,A02370,Poster12-47
4096,A01383,Poster13-26
4097,A02243,Poster12-38
4098,A00109,13-2-11
4099,A01840,5-4-01
4100,A01840,5-6-03
4101,A01840,20-6-04
4102,A01840,Poster3-34
4103,A01840,Poster24-37
4104,A01840,20-5-07
4105,A01840,7-3-10
4106,A01116,7-3-04
4107,A00570,12-1-07
4108,A00813,13-3-01
4109,A01444,Poster6-34
4110,A02294,20-7-05
4111,A01002,5-6-05
4112,A00637,16-6-01
4113,A00637,Poster22-13
4114,A00637,16-6-13
4115,A02242,Poster9-32
4116,A00405,18-10-04
4117,A00405,Poster19-41
4118,A00405,Poster17-01
4119,A00405,Poster17-42
4120,A00405,Poster19-08
4121,A00405,5-2-04
4122,A00405,18-2-06
4123,A00405,7-16-08
4124,A00405,18-2-14
4125,A00405,18-2-16
4126,A03195,Poster26-34
4127,A02944,14-4-07
4128,A00878,5-2-08
4129,A01586,7-17-08
4130,A02143,18-11-02
4131,A02143,18-11-07
4132,A02770,13-8-03
4133,A02770,13-8-06
4134,A01086,Poster22-13
4135,A01086,16-6-13
4136,A01593,10-2-03
4137,A00770,17-2-03
4138,A00770,7-16-13
4139,A00382,16-7-04
4140,A00760,16-12-12
4141,A00945,4-4-04
4142,A00077,20-4-07
4143,A00698,Poster5-35
4144,A02096,Poster15-32
4145,A02096,Poster15-29
4146,A02096,Poster5-22
4147,A01304,14-1-07
4148,A02539,Poster22-16
4149,A02539,Poster15-11
4150,A02539,Poster22-15
4151,A00773,17-1-04
4152,A00773,Poster27-06
4153,A02020,7-5-04
4154,A01304,Poster16-01
4155,A02769,Poster23-11
4156,A01199,7-7-01
4157,A01199,7-7-03
4158,A02529,Poster18-23
4159,A02529,Poster18-05
4160,A00132,3-8-12
4161,A02539,Poster22-21
4162,A02376,14-5-06
4163,A01476,Poster4-26
4164,A00686,Poster14-29
4165,A00789,Poster1-09
4166,A00031,4-3-02
4167,A02942,18-5-07
4168,A03175,Poster8-06
4169,A02868,Poster4-17
4170,A00190,Poster8-09
4171,A00190,14-9-08
4172,A01235,5-4-06
4173,A02907,Poster12-15
4174,A00023,16-4-05
4175,A02388,16-12-10
4176,A03079,Poster5-27
4177,A00258,3-3-05
4178,A02995,16-17-01
4179,A02995,16-17-08
4180,A01381,14-19-05
4181,A03154,16-13-01
4182,A02512,Poster17-26
4183,A01278,Poster11-26
4184,A00190,1-1-08
4185,A02964,Poster21-05
4186,A03234,Poster18-11
4187,A02011,Poster25-12
4188,A00308,Poster16-12
4189,A01184,11-2-06
4190,A02778,Poster25-12
4191,A00888,14-7-09
4192,A00888,14-7-15
4193,A02559,Poster18-26
4194,A00223,Poster25-25
4195,A01598,17-2-02
4196,A01048,6-4-02
4197,A01490,2-2-03
4198,A01490,8-5-05
4199,A01490,Poster1-01
4200,A02163,Poster27-37
4201,A00456,14-11-02
4202,A02490,Poster17-25
4203,A02753,Poster19-50
4204,A02753,Poster17-51
4205,A02753,18-9-03
4206,A00670,18-9-03
4207,A03176,Poster18-31
4208,A01500,Poster5-11
4209,A02353,14-18-07
4210,A02804,14-12-01
4211,A02804,Poster16-38
4212,A00271,14-5-06
4213,A00271,20-2-03
4214,A00271,20-3-04
4215,A00180,Poster10-04
4216,A00180,Poster1-13
4217,A00433,5-6-02
4218,A01298,Poster23-29
4219,A03208,Poster10-14
4220,A02074,16-16-07
4221,A02074,16-13-04
4222,A00128,Poster11-01
4223,A01568,18-9-07
4224,A02366,18-4-13
4225,A01836,13-8-02
4226,A01836,Poster23-17
4227,A01836,Poster25-15
4228,A01460,14-21-01
4229,A02107,Poster14-29
4230,A02107,Poster21-10
4231,A01937,Poster6-13
4232,A00418,15-3-04
4233,A03218,14-12-03
4234,A02073,16-8-03
4235,A00987,Poster2-08
4236,A01595,14-12-07
4237,A01928,Poster5-03
4238,A01071,12-3-05
4239,A02372,3-2-06
4240,A02372,9-1-09
4241,A02372,3-8-10
4242,A02093,Poster23-16
4243,A01374,5-1-03
4244,A00407,Poster24-23
4245,A01886,18-7-05
4246,A01544,10-3-07
4247,A01870,3-10-07
4248,A01870,Poster13-16
4249,A01870,3-8-03
4250,A01870,3-8-07
4251,A01886,18-9-04
4252,A01518,7-12-12
4253,A01922,8-3-12
4254,A01922,8-3-13
4255,A02681,Poster17-38
4256,A02681,Poster17-45
4257,A01676,17-5-06
4258,A01676,17-5-12
4259,A01311,Poster16-01
4260,A02581,Poster18-33
4261,A02581,Poster2-15
4262,A01311,14-2-07
4263,A00364,20-6-08
4264,A01869,6-3-01
4265,A01869,16-8-06
4266,A01634,12-2-01
4267,A01634,12-2-04
4268,A00233,15-3-16
4269,A02646,Poster20-27
4270,A01185,7-12-14
4271,A01869,20-8-03
4272,A00145,16-16-04
4273,A00145,16-10-07
4274,A03376,12-1-05
4275,A03376,Poster18-08
4276,A02329,15-4-05
4277,A03168,Poster7-39
4278,A00017,8-5-01
4279,A02543,20-8-03
4280,A02509,Poster17-30
4281,A00037,13-6-07
4282,A02651,7-8-02
4283,A01040,17-6-06
4284,A01040,Poster27-34
4285,A01252,16-1-01
4286,A03100,18-4-09
4287,A00017,8-5-06
4288,A01397,15-6-05
4289,A02399,10-7-12
4290,A02313,7-11-06
4291,A02313,Poster18-21
4292,A02371,Poster18-33
4293,A03031,Poster7-41
4294,A01397,Poster2-30
4295,A02024,18-12-04
4296,A00239,4-5-01
4297,A01495,Poster24-21
4298,A00693,12-2-06
4299,A00356,14-13-16
4300,A01778,20-5-07
4301,A00910,Poster12-41
4302,A00910,Poster12-42
4303,A00327,20-11-01
4304,A03088,Poster20-31
4305,A03088,Poster5-27
4306,A01055,20-6-04
4307,A00593,5-7-04
4308,A00327,20-11-04
4309,A01033,10-6-08
4310,A00281,Poster17-49
4311,A00281,18-8-02
4312,A01304,14-2-02
4313,A02891,Poster3-33
4314,A01894,15-5-06
4315,A01162,15-5-15
4316,A01089,Poster14-35
4317,A01614,Poster4-22
4318,A00291,Poster18-21
4319,A01304,14-2-07
4320,A01304,14-2-11
4321,A01304,20-9-15
4322,A02855,Poster27-23
4323,A00250,Poster25-09
4324,A00250,Poster25-01
4325,A00250,15-1-05
4326,A00250,14-2-14
4327,A02358,Poster13-06
4328,A01462,9-1-08
4329,A02572,Poster23-09
4330,A02572,Poster22-22
4331,A03602,3-10-06
4332,A03315,18-10-06
4333,A02184,6-4-15
4334,A01279,Poster22-09
4335,A00140,18-1-03
4336,A00140,7-5-07
4337,A00803,Poster19-23
4338,A00505,Poster20-28
4339,A00505,Poster29-19
4340,A00505,Poster20-10
4341,A03095,Poster6-17
4342,A01812,Poster9-11
4343,A03644,Poster6-04
4344,A01524,20-2-06
4345,A01558,13-7-10
4346,A03095,8-6-03
4347,A00044,7-14-01
4348,A00608,Poster26-19
4349,A00608,15-1-11
4350,A00376,7-10-01
4351,A02954,17-6-07
4352,A02954,17-3-07
4353,A02954,Poster27-38
4354,A02954,17-5-01
4355,A01938,3-8-09
4356,A01190,14-23-03
4357,A00044,7-14-03
4358,A00858,Poster9-38
4359,A00858,7-8-05
4360,A00858,7-8-06
4361,A00858,7-8-07
4362,A02412,Poster9-43
4363,A03018,16-4-07
4364,A00044,7-14-11
4365,A00665,Poster23-06
4366,A02982,3-8-03
4367,A02982,20-9-12
4368,A01137,Poster7-08
4369,A01953,Poster9-12
4370,A01578,Poster23-30
4371,A00620,13-10-04
4372,A01578,Poster23-02
4373,A01804,11-5-01
4374,A01761,Poster5-15
4375,A01275,Poster26-23
4376,A01370,14-1-07
4377,A01819,17-6-08
4378,A02417,18-4-01
4379,A02417,18-4-12
4380,A02296,10-5-07
4381,A01508,Poster27-43
4382,A02453,3-5-01
4383,A00626,14-14-08
4384,A00626,Poster16-19
4385,A00626,Poster13-03
4386,A00626,Poster3-28
4387,A00474,11-3-07
4388,A00474,Poster15-21
4389,A01625,16-2-10
4390,A01336,Poster16-20
4391,A01336,Poster23-04
4392,A00678,Poster14-09
4393,A02777,10-1-04
4394,A02777,10-1-08
4395,A02777,Poster11-13
4396,A02777,Poster6-18
4397,A02777,10-4-01
4398,A00283,6-2-02
4399,A01784,18-1-04
4400,A01784,7-11-07
4401,A01036,1-4-06
4402,A02737,10-4-01
4403,A02810,Poster11-13
4404,A01023,14-21-03
4405,A02227,Poster27-28
4406,A00941,Poster27-11
4407,A00941,Poster14-17
4408,A00941,Poster14-31
4409,A01661,2-4-06
4410,A00194,4-5-08
